x,y,z,duration
0.265,-0.049,-0.077,129276
0.212,-0.052,-0.026,129281
0.174,0.008,-0.028,129286
0.156,0.037,-0.034,129291
0.11,0.059,-0.013,129296
0.039,0.105,-0.037,129301
-0.02,0.129,0.0,129306
-0.065,0.138,0.026,129311
-0.097,0.171,0.01,129316
-0.109,0.167,-0.012,129321
-0.137,0.176,0.019,129326
-0.067,0.171,0.03,129331
-0.117,0.12,0.048,129336
-0.101,0.065,0.078,129341
-0.129,0.032,0.074,129345
-0.116,-0.013,0.088,129350
-0.066,-0.042,0.097,129355
0.0,-0.085,0.053,129360
0.03,-0.089,0.103,129365
0.07,-0.106,0.089,129370
0.098,-0.091,0.054,129375
0.148,-0.112,0.048,129380
0.151,-0.131,0.056,129385
0.144,-0.105,0.059,129390
0.177,-0.112,0.015,129395
0.172,-0.118,0.013,129400
0.168,-0.08,-0.022,129405
0.134,-0.072,-0.05,129410
0.133,-0.06,-0.058,129415
0.09,0.001,-0.043,129420
0.081,0.031,-0.026,129425
0.051,0.019,-0.049,129430
0.037,0.077,-0.036,129435
0.025,0.07,-0.015,129440
0.018,0.063,-0.017,129445
0.012,0.091,0.001,129449
0.019,0.099,0.026,129454
-0.021,0.085,-0.006,129459
-0.023,0.059,-0.018,129464
0.026,0.049,-0.003,129469
0.002,0.048,0.001,129474
0.049,0.013,0.005,129479
0.027,0.029,-0.012,129484
0.033,-0.003,-0.041,129489
0.051,0.0,-0.054,129494
0.037,-0.02,-0.04,129499
0.051,0.028,-0.045,129504
0.037,-0.004,-0.079,129509
0.05,-0.034,-0.084,129514
0.041,-0.043,-0.093,129519
0.033,-0.052,-0.083,129524
0.034,-0.042,-0.101,129529
-0.008,-0.038,-0.125,129534
-0.015,-0.008,-0.121,129539
0.02,0.005,-0.139,129544
0.022,-0.016,-0.121,129548
-0.014,-0.002,-0.122,129553
0.012,0.019,-0.127,129558
-0.031,0.039,-0.131,129563
0.04,0.065,-0.084,129568
0.066,0.063,-0.075,129573
0.038,0.112,-0.098,129578
0.086,0.131,-0.101,129583
0.073,0.148,-0.069,129588
0.027,0.133,-0.058,129593
0.028,0.103,-0.052,129598
0.021,0.071,-0.055,129603
-0.002,0.034,-0.024,129608
0.015,0.009,0.0,129613
-0.02,-0.03,0.008,129618
-0.035,-0.053,-0.018,129623
-0.014,-0.06,0.004,129628
0.016,-0.063,0.034,129633
-0.01,-0.083,0.035,129638
-0.005,-0.07,0.053,129643
0.025,-0.071,0.03,129647
0.014,-0.06,0.032,129652
0.047,-0.041,0.028,129657
0.025,-0.037,0.051,129662
0.057,-0.042,0.05,129667
0.055,-0.038,0.08,129672
0.002,-0.021,0.111,129677
0.011,-0.023,0.087,129682
-0.002,0.004,0.121,129687
-0.015,0.03,0.1,129692
-0.005,0.022,0.125,129697
-0.004,0.037,0.112,129702
-0.056,0.042,0.114,129707
-0.089,0.025,0.089,129712
-0.08,0.009,0.08,129717
-0.098,-0.021,0.046,129722
-0.131,-0.049,0.046,129727
-0.161,-0.044,0.041,129732
-0.145,-0.048,0.037,129737
-0.109,-0.06,-0.004,129742
-0.124,-0.046,0.0,129747
-0.068,-0.045,-0.051,129751
-0.027,-0.058,0.0,129756
-0.024,-0.056,0.026,129761
-0.009,-0.059,0.019,129766
0.008,-0.04,0.017,129771
-0.022,-0.006,0.011,129776
0.036,0.032,0.049,129781
0.019,0.051,0.035,129786
0.056,0.058,0.01,129791
0.033,0.057,0.005,129796
0.004,0.064,0.004,129801
-0.004,0.058,-0.03,129806
-0.004,0.043,-0.061,129811
-0.008,0.009,-0.029,129816
-0.003,-0.017,-0.035,129821
0.001,-0.037,-0.053,129826
0.001,-0.029,-0.043,129831
-0.033,-0.022,-0.043,129836
0.047,-0.041,-0.082,129841
0.055,-0.037,-0.065,129846
0.007,-0.046,-0.007,129850
0.036,-0.028,-0.023,129855
0.024,0.0,0.026,129860
0.008,-0.038,0.053,129865
0.003,-0.035,-0.007,129870
-0.009,-0.005,-0.015,129875
0.021,-0.013,0.041,129880
0.045,0.035,0.033,129885
0.019,0.04,0.06,129890
0.021,0.053,0.071,129895
0.058,0.013,0.016,129900
0.017,0.007,0.045,129905
0.011,0.037,0.045,129910
-0.002,0.02,0.07,129915
0.023,0.04,0.037,129920
-0.008,0.04,0.008,129925
-0.059,0.032,-0.035,129930
-0.066,0.028,-0.062,129935
0.004,0.017,-0.017,129940
-0.025,-0.023,-0.071,129945
-0.027,-0.033,-0.06,129950
0.022,-0.017,-0.023,129954
-0.001,-0.041,-0.043,129959
-0.001,-0.024,-0.012,129964
-0.005,-0.047,-0.02,129969
0.008,-0.03,-0.039,129974
-0.005,-0.022,-0.009,129979
-0.017,-0.037,-0.026,129984
-0.003,-0.055,-0.019,129989
-0.011,-0.019,-0.013,129994
-0.01,-0.009,-0.033,129999
0.02,0.03,-0.034,130004
-0.05,0.023,-0.026,130009
-0.027,-0.017,0.01,130014
-0.046,0.022,0.005,130019
-0.046,0.02,-0.008,130024
-0.028,-0.024,-0.011,130029
0.008,0.012,0.019,130034
-0.035,0.002,0.021,130039
-0.049,0.002,0.024,130044
-0.057,0.023,0.056,130049
-0.029,0.038,0.046,130053
-0.039,0.06,0.05,130058
-0.083,0.05,0.049,130063
-0.066,0.032,0.061,130068
-0.02,0.041,0.038,130073
-0.057,0.016,0.021,130078
0.004,0.005,-0.019,130083
-0.013,0.026,-0.043,130088
0.009,-0.018,-0.043,130093
-0.013,-0.051,-0.047,130098
0.005,-0.033,-0.09,130103
0.009,-0.06,-0.089,130108
0.055,-0.084,-0.046,130113
0.05,-0.093,-0.084,130118
0.058,-0.07,-0.076,130123
0.039,-0.085,-0.042,130128
0.039,-0.029,-0.029,130133
0.035,-0.009,-0.052,130138
0.036,0.013,-0.051,130143
0.015,0.016,-0.02,130148
0.014,0.04,-0.027,130153
0.025,0.079,0.005,130157
-0.011,0.088,0.017,130162
-0.001,0.127,-0.031,130167
-0.018,0.101,0.014,130172
-0.047,0.065,0.0,130177
-0.05,0.02,-0.003,130182
-0.041,0.009,-0.02,130187
0.009,-0.021,0.007,130192
-0.008,-0.036,-0.006,130197
-0.024,-0.019,-0.023,130202
-0.017,-0.048,0.005,130207
-0.037,-0.026,0.017,130212
-0.003,-0.049,0.015,130217
-0.024,-0.044,-0.015,130222
0.02,-0.022,-0.022,130227
0.014,-0.016,-0.012,130232
-0.017,-0.001,-0.01,130237
-0.015,0.011,0.033,130242
0.011,0.031,0.012,130247
-0.006,0.028,-0.014,130252
-0.031,0.051,-0.021,130256
0.031,0.042,0.006,130261
0.032,0.068,0.001,130266
0.008,0.052,0.014,130271
0.007,0.021,-0.012,130276
0.049,0.006,-0.016,130281
0.018,0.018,-0.027,130286
0.016,0.003,-0.063,130291
0.036,0.0,-0.035,130296
0.058,-0.026,-0.044,130301
0.031,-0.019,-0.01,130306
0.002,-0.03,-0.004,130311
0.006,-0.023,0.017,130316
0.014,-0.012,0.006,130321
-0.008,-0.011,0.019,130326
0.044,-0.022,0.017,130331
-0.033,-0.011,0.011,130336
-0.034,0.023,0.022,130341
-0.039,0.029,0.046,130346
-0.027,0.018,0.063,130351
-0.02,0.029,0.005,130355
-0.043,0.035,-0.003,130360
-0.052,0.04,0.026,130365
-0.021,0.018,0.036,130370
-0.019,-0.013,0.007,130375
-0.034,-0.003,0.032,130380
-0.031,-0.033,-0.035,130385
0.032,-0.042,-0.061,130390
0.029,-0.021,-0.047,130395
-0.021,0.006,-0.068,130400
-0.006,-0.028,-0.074,130405
0.037,-0.034,-0.058,130410
0.033,-0.03,-0.026,130415
0.06,0.006,-0.028,130420
0.045,0.019,-0.064,130425
0.024,0.008,-0.036,130430
0.047,0.012,-0.036,130435
0.051,-0.002,-0.046,130440
0.059,0.011,-0.015,130445
0.014,0.022,-0.001,130450
0.004,0.007,-0.001,130455
0.003,0.011,-0.022,130459
0.0,0.022,0.014,130464
-0.026,0.055,0.017,130469
-0.019,0.036,0.002,130474
-0.013,0.007,0.028,130479
0.0,-0.019,0.02,130484
-0.016,0.004,-0.002,130489
-0.001,0.0,0.01,130494
-0.018,0.0,0.0,130499
0.0,-0.009,0.017,130504
0.013,-0.021,0.016,130509
-0.018,-0.023,0.005,130514
-0.003,-0.003,0.018,130519
-0.033,-0.011,0.0,130524
0.004,0.006,-0.013,130529
-0.026,0.01,-0.02,130534
-0.014,0.004,-0.018,130539
-0.022,0.008,-0.003,130544
-0.037,0.02,0.013,130549
-0.007,-0.024,0.003,130554
0.027,-0.026,-0.009,130558
-0.009,-0.036,0.008,130563
0.004,-0.02,0.0,130568
0.029,-0.018,-0.026,130573
0.009,-0.007,0.019,130578
-0.004,-0.045,-0.012,130583
0.03,-0.036,-0.02,130588
-0.002,-0.024,-0.022,130593
0.01,-0.052,-0.011,130598
0.009,-0.016,-0.001,130603
0.008,0.002,0.019,130608
0.033,0.001,-0.02,130613
-0.004,0.01,0.015,130618
0.0,0.004,0.031,130623
0.034,0.043,-0.001,130628
0.009,0.03,0.024,130633
0.021,0.001,0.017,130638
0.01,0.031,-0.005,130643
0.022,0.045,0.029,130648
0.037,0.036,0.008,130653
0.033,0.024,0.021,130657
0.03,0.026,-0.011,130662
0.005,0.002,-0.023,130667
0.001,0.014,-0.02,130672
-0.033,0.009,-0.005,130677
-0.03,0.0,-0.048,130682
-0.005,0.008,-0.017,130687
-0.026,-0.001,0.001,130692
-0.015,0.016,-0.015,130697
0.012,-0.002,-0.022,130702
-0.006,-0.028,-0.012,130707
-0.018,-0.021,-0.01,130712
0.0,-0.006,-0.018,130717
0.004,-0.048,0.009,130722
-0.013,-0.022,0.029,130727
0.005,-0.007,0.005,130732
-0.003,-0.006,0.039,130737
0.026,0.02,0.013,130742
0.037,0.009,-0.022,130747
0.011,-0.021,0.001,130752
0.062,0.01,0.036,130756
0.051,0.013,0.023,130761
0.016,-0.013,0.025,130766
0.053,-0.011,-0.007,130771
0.052,-0.006,0.019,130776
0.021,-0.005,0.013,130781
0.006,-0.009,-0.022,130786
0.031,0.012,-0.037,130791
-0.018,0.02,0.005,130796
0.0,0.005,-0.034,130801
0.013,-0.038,-0.017,130806
0.011,-0.012,0.018,130811
-0.019,0.005,-0.026,130816
-0.03,0.013,-0.028,130821
-0.023,0.012,0.022,130826
-0.038,-0.006,0.011,130831
0.013,-0.014,0.001,130836
0.033,0.008,-0.011,130841
0.017,0.0,-0.014,130846
0.045,0.016,-0.043,130851
0.01,0.01,0.003,130856
0.048,0.022,-0.005,130860
0.004,-0.022,0.0,130865
0.004,-0.024,0.004,130870
0.021,-0.005,0.012,130875
-0.015,0.016,-0.006,130880
-0.013,-0.002,-0.048,130885
-0.021,-0.01,-0.013,130890
-0.006,0.012,0.035,130895
0.007,0.015,0.023,130900
-0.014,0.013,-0.009,130905
-0.026,0.008,0.013,130910
-0.019,-0.027,0.003,130915
-0.043,-0.037,0.024,130920
0.004,-0.029,-0.008,130925
0.008,-0.017,0.018,130930
-0.018,-0.041,0.042,130935
-0.012,-0.024,0.012,130940
0.001,-0.03,-0.014,130945
-0.007,-0.019,-0.004,130950
-0.032,-0.008,-0.017,130955
-0.011,-0.016,-0.028,130959
-0.006,-0.006,-0.008,130964
0.011,0.011,-0.007,130969
0.027,0.032,0.014,130974
-0.035,0.011,0.013,130979
0.002,0.014,0.042,130984
-0.023,0.034,0.029,130989
0.009,0.052,0.026,130994
-0.004,0.026,0.019,130999
-0.012,0.027,0.021,131004
0.005,0.033,0.006,131009
-0.003,0.013,0.006,131014
-0.007,0.016,0.031,131019
-0.041,0.014,0.023,131024
-0.006,-0.012,-0.008,131029
-0.001,-0.007,-0.033,131034
-0.019,0.002,-0.021,131039
-0.025,-0.049,-0.01,131044
0.002,-0.04,-0.014,131049
0.028,-0.023,-0.034,131054
0.012,-0.034,0.016,131058
-0.014,-0.009,0.006,131063
-0.034,0.026,0.031,131068
-0.001,-0.006,-0.027,131073
0.024,-0.014,-0.003,131078
0.005,-0.008,0.005,131083
0.021,0.0,0.005,131088
0.019,0.004,-0.017,131093
0.017,0.026,-0.041,131098
-0.014,0.023,-0.019,131103
-0.004,0.012,0.008,131108
0.004,0.019,-0.014,131113
0.025,-0.003,-0.012,131118
0.019,0.039,0.027,131123
-0.017,0.053,-0.01,131128
0.023,0.021,-0.013,131133
-0.026,0.023,-0.007,131138
-0.045,0.038,0.001,131143
0.002,0.073,-0.015,131148
-0.032,0.036,-0.027,131153
-0.037,0.015,-0.011,131158
-0.003,0.009,0.006,131162
-0.033,-0.008,0.01,131167
-0.047,-0.003,-0.024,131172
-0.012,0.001,-0.013,131177
-0.037,-0.05,-0.003,131182
-0.029,-0.058,0.013,131187
-0.034,-0.044,-0.009,131192
-0.035,-0.043,0.034,131197
0.01,-0.009,0.014,131202
0.022,-0.038,0.034,131207
-0.001,-0.021,0.048,131212
-0.005,-0.058,0.03,131217
0.003,-0.018,0.018,131222
0.003,-0.029,0.021,131227
-0.048,-0.004,0.001,131232
-0.013,0.008,-0.011,131237
-0.012,-0.005,0.019,131242
-0.023,-0.004,0.009,131247
-0.004,-0.004,-0.008,131252
0.013,-0.016,0.004,131257
-0.009,0.01,0.004,131261
-0.03,0.009,0.012,131266
-0.052,-0.008,0.007,131271
-0.034,0.001,-0.002,131276
-0.031,0.018,-0.019,131281
-0.002,0.003,-0.043,131286
-0.01,0.02,-0.021,131291
-0.052,0.001,-0.006,131296
-0.025,0.013,-0.005,131301
-0.027,0.029,-0.022,131306
-0.003,0.013,0.014,131311
-0.02,-0.009,0.0,131316
-0.018,-0.012,0.03,131321
0.018,0.01,0.027,131326
0.007,0.009,-0.001,131331
-0.044,-0.008,0.015,131336
-0.036,-0.016,0.014,131341
0.002,-0.019,-0.008,131346
0.006,-0.013,0.039,131351
-0.024,0.009,0.048,131356
-0.017,0.0,0.039,131360
-0.016,-0.004,0.044,131365
-0.005,0.0,0.065,131370
-0.013,-0.003,0.05,131375
-0.051,-0.003,0.049,131380
-0.02,-0.024,0.01,131385
-0.013,-0.013,-0.038,131390
-0.021,-0.016,-0.043,131395
0.006,-0.023,-0.021,131400
0.023,-0.012,-0.006,131405
-0.013,-0.006,-0.001,131410
-0.007,-0.001,-0.035,131415
0.001,-0.018,-0.036,131420
-0.024,-0.034,0.01,131425
-0.017,-0.009,0.0,131430
-0.015,-0.021,-0.003,131435
-0.022,-0.01,-0.037,131440
-0.02,-0.009,-0.003,131445
-0.018,-0.017,0.018,131450
-0.055,0.001,0.024,131455
-0.015,0.023,-0.016,131460
-0.039,0.016,-0.001,131464
-0.009,0.014,0.037,131469
-0.008,0.017,0.042,131474
-0.012,0.037,0.011,131479
0.019,0.003,0.015,131484
0.042,0.02,0.022,131489
0.055,0.027,-0.001,131494
0.037,0.019,0.058,131499
0.059,-0.007,0.031,131504
0.036,0.01,0.028,131509
0.011,-0.025,-0.021,131514
-0.007,-0.014,0.006,131519
0.04,-0.017,0.001,131524
0.006,-0.002,0.018,131529
0.014,-0.032,0.003,131534
0.021,-0.02,-0.031,131539
0.019,0.016,0.014,131544
0.021,-0.002,0.009,131549
0.024,-0.002,0.012,131554
0.008,0.002,0.015,131559
-0.009,-0.002,-0.011,131563
-0.004,-0.032,0.002,131568
0.017,0.005,0.002,131573
0.063,-0.008,0.014,131578
0.057,-0.011,-0.029,131583
0.029,0.015,-0.013,131588
0.052,0.018,-0.038,131593
0.012,0.016,-0.004,131598
0.02,0.01,0.004,131603
0.026,-0.003,0.038,131608
0.015,0.005,0.013,131613
0.005,0.026,0.02,131618
-0.025,0.006,0.022,131623
-0.005,-0.011,0.024,131628
0.016,0.011,0.018,131633
-0.028,0.031,0.029,131638
0.0,0.032,-0.008,131643
0.021,0.033,-0.007,131648
0.037,-0.003,0.019,131653
-0.005,-0.007,-0.008,131658
-0.03,0.014,-0.012,131663
-0.014,-0.047,0.002,131667
0.016,-0.029,-0.019,131672
0.01,-0.009,-0.026,131677
-0.007,-0.008,-0.032,131682
0.019,-0.02,-0.016,131687
0.03,-0.001,-0.001,131692
-0.007,-0.001,-0.022,131697
-0.006,-0.009,-0.029,131702
0.006,0.004,0.012,131707
-0.019,0.0,-0.001,131712
-0.004,-0.017,0.024,131717
0.034,0.018,0.0,131722
0.009,0.016,-0.012,131727
-0.021,-0.01,-0.002,131732
-0.015,0.011,-0.032,131737
-0.004,0.023,-0.042,131742
0.0,0.003,0.022,131747
0.004,-0.005,0.011,131752
-0.017,0.034,-0.05,131757
0.005,0.009,-0.001,131762
-0.012,0.029,0.037,131766
-0.015,0.039,0.033,131771
-0.035,0.027,0.012,131776
-0.005,0.024,0.033,131781
-0.035,0.004,0.016,131786
-0.027,0.021,0.015,131791
-0.016,0.019,0.035,131796
-0.001,-0.012,0.057,131801
0.028,-0.007,0.03,131806
-0.013,-0.019,0.018,131811
-0.016,-0.008,-0.004,131816
0.024,-0.012,0.017,131821
0.013,-0.015,-0.014,131826
-0.018,-0.043,0.012,131831
0.039,-0.048,-0.005,131836
0.052,-0.034,0.0,131841
0.017,-0.009,0.024,131846
0.024,-0.025,0.031,131851
0.008,-0.001,-0.019,131856
0.033,-0.001,0.004,131861
-0.012,0.007,0.0,131866
0.027,0.01,0.0,131870
0.02,0.022,-0.009,131875
0.018,0.003,0.0,131880
0.02,0.007,-0.008,131885
0.005,0.006,-0.024,131890
0.013,-0.002,-0.03,131895
0.008,-0.037,-0.027,131900
-0.018,0.001,0.018,131905
-0.003,-0.007,0.033,131910
0.0,-0.037,0.034,131915
0.022,-0.003,0.022,131920
0.024,0.005,-0.005,131925
0.022,0.022,-0.009,131930
0.015,-0.001,0.017,131935
-0.042,0.05,0.019,131940
-0.016,0.023,0.013,131945
-0.04,0.017,-0.004,131950
-0.027,0.002,0.004,131955
-0.007,0.002,0.02,131960
-0.019,-0.006,0.01,131965
-0.022,-0.001,-0.012,131969
-0.041,-0.01,0.01,131974
0.014,-0.021,-0.02,131979
-0.017,-0.028,-0.01,131984
-0.024,-0.021,0.025,131989
-0.034,-0.027,0.022,131994
0.003,0.005,0.011,131999
0.015,-0.016,0.006,132004
0.001,-0.019,0.001,132009
0.005,0.008,-0.015,132014
0.009,-0.009,-0.009,132019
-0.004,-0.008,0.029,132024
0.021,0.035,-0.016,132029
0.01,0.023,-0.049,132034
-0.003,-0.009,-0.031,132039
0.014,0.026,-0.023,132044
-0.017,0.049,-0.008,132049
-0.019,0.005,-0.02,132054
-0.035,-0.007,-0.022,132059
0.007,0.001,0.005,132064
0.023,-0.007,-0.008,132069
-0.064,-0.023,0.04,132073
0.006,-0.004,0.001,132078
0.001,-0.003,0.022,132083
-0.024,-0.007,0.0,132088
-0.026,-0.002,-0.009,132093
-0.023,-0.006,0.047,132098
-0.017,-0.005,-0.017,132103
-0.006,0.007,-0.011,132108
0.002,0.006,0.024,132113
0.002,0.023,0.004,132118
0.01,0.008,0.016,132123
0.022,-0.027,-0.045,132128
-0.001,-0.028,-0.01,132133
-0.039,0.004,-0.005,132138
-0.01,-0.026,-0.064,132143
0.008,-0.062,-0.032,132148
0.028,-0.017,0.026,132153
-0.008,-0.045,-0.006,132158
0.009,-0.024,-0.031,132163
0.043,-0.008,-0.028,132168
-0.025,0.005,0.017,132172
-0.027,-0.012,0.028,132177
-0.046,0.005,0.017,132182
0.005,0.009,-0.01,132187
0.009,0.025,0.046,132192
-0.025,0.036,0.02,132197
-0.001,0.011,0.027,132202
-0.031,0.048,0.015,132207
-0.045,0.017,0.009,132212
-0.062,0.011,0.043,132217
-0.035,0.045,0.021,132222
-0.04,0.019,-0.032,132227
-0.031,0.004,-0.028,132232
-0.002,-0.013,-0.034,132237
0.01,-0.016,-0.009,132242
0.03,-0.001,-0.03,132247
0.01,-0.049,-0.027,132252
0.018,-0.035,-0.024,132257
0.016,-0.044,0.012,132262
0.023,-0.014,0.037,132267
0.021,-0.026,0.016,132272
0.005,-0.01,0.005,132276
0.013,0.0,0.009,132281
0.025,0.007,0.034,132286
0.01,0.032,0.031,132291
0.004,0.033,-0.006,132296
-0.025,0.004,-0.018,132301
0.019,0.017,0.021,132306
-0.025,0.019,0.028,132311
-0.031,0.03,0.008,132316
-0.036,0.036,0.016,132321
-0.054,0.024,-0.032,132326
-0.019,0.0,-0.025,132331
-0.047,-0.008,-0.009,132336
-0.029,0.013,-0.026,132341
-0.009,0.016,-0.032,132346
0.013,-0.002,-0.033,132351
0.003,-0.01,-0.025,132356
-0.01,-0.005,-0.035,132361
0.003,0.012,-0.023,132366
0.0,-0.014,-0.051,132371
0.012,-0.021,-0.033,132375
-0.002,0.006,0.008,132380
0.024,-0.007,-0.013,132385
0.004,0.006,-0.029,132390
-0.026,0.01,0.003,132395
-0.019,0.013,-0.022,132400
-0.008,-0.018,0.014,132405
0.009,-0.011,-0.008,132410
-0.013,0.023,0.017,132415
0.005,0.008,0.024,132420
0.0,-0.001,-0.02,132425
0.0,0.003,-0.04,132430
-0.008,0.05,-0.023,132435
-0.037,0.036,-0.016,132440
0.017,0.007,-0.045,132445
0.02,0.015,-0.049,132450
0.009,0.009,-0.048,132455
0.004,0.008,-0.013,132460
0.012,-0.001,-0.016,132465
0.024,0.007,-0.062,132470
0.034,-0.01,-0.047,132475
0.022,0.016,-0.051,132479
0.033,-0.015,0.001,132484
0.021,0.003,-0.024,132489
0.036,0.011,-0.03,132494
-0.031,-0.002,0.028,132499
-0.019,-0.006,0.008,132504
0.012,0.024,0.003,132509
-0.006,-0.008,-0.014,132514
-0.009,-0.016,-0.004,132519
-0.017,0.011,-0.038,132524
-0.002,-0.015,0.017,132529
-0.024,0.003,0.006,132534
0.021,0.002,0.001,132539
0.019,-0.01,0.014,132544
0.004,-0.004,-0.034,132549
0.025,-0.017,-0.052,132554
-0.015,-0.024,-0.012,132559
-0.009,-0.004,-0.028,132564
0.003,-0.017,-0.03,132569
0.012,-0.011,-0.031,132574
-0.006,-0.014,-0.011,132578
0.011,-0.004,-0.014,132583
0.019,0.026,-0.042,132588
0.004,0.006,0.038,132593
0.0,0.027,0.004,132598
0.008,0.011,-0.043,132603
0.007,0.001,0.008,132608
-0.01,0.027,-0.005,132613
-0.013,0.024,-0.021,132618
-0.008,0.009,-0.006,132623
-0.015,0.004,-0.01,132628
0.002,0.025,0.0,132633
0.006,0.001,-0.009,132638
0.019,0.018,-0.008,132643
-0.008,0.0,0.005,132648
0.009,-0.004,0.004,132653
0.055,0.03,-0.034,132658
0.037,0.014,-0.03,132663
0.012,0.008,-0.019,132668
0.049,0.011,0.004,132673
0.014,0.01,0.021,132677
0.013,-0.007,-0.015,132682
0.033,-0.015,0.011,132687
0.025,-0.039,0.036,132692
0.027,0.002,0.041,132697
-0.009,0.019,0.045,132702
-0.043,-0.016,0.028,132707
0.004,-0.006,0.034,132712
0.029,0.037,0.009,132717
0.026,0.003,0.034,132722
0.015,-0.035,0.026,132727
0.009,-0.019,0.023,132732
0.0,0.017,0.017,132737
0.004,0.006,-0.014,132742
0.0,0.014,-0.017,132747
0.008,-0.008,-0.037,132752
0.015,-0.003,-0.007,132757
0.01,-0.002,0.031,132762
0.017,-0.006,0.024,132767
0.011,-0.014,0.0,132772
-0.006,-0.008,0.008,132777
-0.001,-0.025,0.02,132781
-0.014,-0.027,0.036,132786
-0.03,-0.024,0.002,132791
0.02,-0.03,0.032,132796
-0.016,-0.036,0.041,132801
-0.023,-0.045,0.016,132806
-0.003,-0.023,0.027,132811
-0.016,-0.012,0.029,132816
-0.019,-0.02,0.06,132821
0.013,-0.009,0.063,132826
-0.005,0.008,-0.033,132831
-0.004,0.029,0.004,132836
-0.038,0.022,0.021,132841
-0.017,0.024,-0.019,132846
-0.011,0.052,-0.017,132851
-0.006,0.033,0.018,132856
-0.027,0.026,-0.009,132861
-0.011,0.023,-0.004,132866
-0.049,0.025,0.013,132871
-0.035,0.01,0.0,132876
-0.006,0.009,0.007,132880
-0.001,-0.017,0.007,132885
-0.026,-0.007,-0.002,132890
0.01,-0.019,-0.014,132895
-0.008,0.003,-0.013,132900
-0.007,0.007,-0.029,132905
0.002,-0.014,-0.034,132910
0.027,-0.004,-0.014,132915
0.029,-0.003,-0.004,132920
0.013,-0.007,-0.042,132925
0.02,-0.028,-0.008,132930
-0.02,-0.012,-0.028,132935
0.02,0.001,-0.008,132940
0.018,-0.011,0.022,132945
-0.013,-0.027,0.041,132950
0.005,-0.046,0.011,132955
-0.012,-0.033,0.031,132960
-0.037,-0.029,0.071,132965
-0.003,-0.022,0.099,132970
-0.024,-0.024,0.059,132975
-0.039,-0.009,0.027,132980
-0.039,-0.004,0.02,132984
-0.022,-0.003,0.009,132989
-0.055,-0.02,0.025,132994
-0.019,0.011,0.01,132999
-0.038,0.023,0.0,133004
-0.026,0.016,-0.029,133009
-0.036,0.01,-0.03,133014
-0.033,0.048,0.015,133019
0.017,0.039,0.0,133024
0.02,0.018,-0.016,133029
-0.024,0.059,-0.023,133034
0.016,0.036,0.004,133039
0.057,0.028,-0.004,133044
0.017,0.034,0.013,133049
-0.01,-0.016,-0.013,133054
0.042,-0.036,0.004,133059
0.034,-0.015,-0.03,133064
0.026,-0.009,-0.031,133069
-0.015,-0.013,-0.049,133074
-0.004,-0.037,-0.044,133079
-0.025,-0.051,-0.01,133083
-0.079,-0.033,0.008,133088
-0.071,-0.008,-0.01,133093
-0.025,-0.024,-0.017,133098
-0.044,0.0,-0.058,133103
-0.078,0.016,-0.057,133108
-0.023,0.01,0.0,133113
-0.051,0.018,-0.025,133118
-0.059,-0.005,0.024,133123
-0.04,0.021,0.03,133128
-0.019,0.023,-0.015,133133
-0.047,0.008,0.003,133138
0.0,0.011,-0.001,133143
0.022,-0.015,0.007,133148
0.011,-0.009,0.019,133153
0.001,0.017,0.03,133158
-0.028,-0.027,0.027,133163
0.025,-0.016,0.011,133168
0.04,-0.01,0.049,133173
0.049,-0.017,0.053,133178
0.027,-0.024,0.034,133182
0.015,-0.004,-0.003,133187
0.018,-0.03,0.001,133192
0.029,0.002,0.022,133197
0.009,-0.006,0.007,133202
-0.008,-0.001,-0.01,133207
-0.025,-0.026,0.003,133212
0.011,-0.019,0.024,133217
-0.002,-0.013,-0.025,133222
-0.045,-0.003,0.024,133227
0.002,0.013,0.013,133232
0.028,0.008,-0.009,133237
0.016,0.024,0.0,133242
-0.023,0.03,-0.016,133247
-0.012,0.023,-0.023,133252
0.01,0.034,-0.043,133257
0.004,0.039,-0.025,133262
-0.038,0.043,-0.036,133267
-0.026,0.018,-0.028,133272
0.01,0.007,-0.016,133277
-0.007,-0.01,0.028,133282
0.023,-0.035,-0.004,133286
-0.004,-0.023,-0.013,133291
-0.025,-0.038,0.005,133296
-0.001,-0.029,0.022,133301
0.007,-0.001,-0.018,133306
0.01,-0.013,0.017,133311
0.013,-0.003,0.058,133316
-0.017,0.0,0.04,133321
-0.046,-0.003,0.023,133326
-0.024,0.005,0.059,133331
-0.06,0.0,0.057,133336
-0.05,0.013,0.026,133341
-0.04,0.007,0.04,133346
-0.019,-0.018,0.028,133351
-0.021,-0.021,0.008,133356
0.006,0.002,-0.005,133361
0.031,0.028,-0.009,133366
0.019,0.02,-0.038,133371
0.021,0.018,-0.047,133376
0.032,0.025,-0.038,133381
0.025,0.014,-0.021,133385
0.052,0.021,0.001,133390
0.021,-0.002,-0.002,133395
0.028,-0.014,0.001,133400
0.038,-0.009,-0.006,133405
0.004,-0.008,0.006,133410
0.029,-0.011,-0.002,133415
0.013,-0.019,0.01,133420
-0.009,-0.004,0.013,133425
0.017,0.009,-0.009,133430
0.015,0.003,-0.008,133435
0.018,0.012,0.014,133440
0.003,0.01,0.047,133445
-0.022,-0.02,0.038,133450
-0.011,-0.005,0.043,133455
-0.075,0.029,0.017,133460
-0.024,0.005,0.028,133465
-0.039,0.0,0.025,133470
-0.018,-0.008,0.066,133475
-0.011,-0.042,0.059,133480
0.019,-0.042,0.031,133485
0.021,-0.055,0.08,133489
0.036,-0.036,0.037,133494
-0.001,-0.033,0.012,133499
0.003,-0.055,0.032,133504
-0.01,-0.054,0.029,133509
-0.052,-0.079,0.005,133514
-0.038,-0.058,0.026,133519
-0.056,-0.022,0.014,133524
-0.093,-0.028,0.03,133529
-0.144,0.008,0.04,133534
-0.151,0.05,-0.01,133539
-0.106,0.028,-0.044,133544
-0.095,0.025,-0.057,133549
-0.034,0.049,-0.064,133554
-0.095,0.074,-0.006,133559
-0.081,0.036,-0.005,133564
-0.056,0.015,-0.048,133569
-0.024,0.018,-0.038,133574
-0.03,0.029,-0.039,133579
0.002,0.013,-0.048,133584
0.019,0.02,-0.026,133589
0.004,-0.002,-0.084,133593
0.021,-0.006,-0.062,133598
0.04,0.015,-0.069,133603
0.027,-0.016,-0.079,133608
0.016,-0.018,-0.067,133613
0.032,-0.012,-0.039,133618
0.05,-0.037,0.007,133623
0.023,-0.055,-0.005,133628
0.004,-0.023,0.007,133633
0.008,-0.012,-0.005,133638
0.02,-0.05,0.016,133643
0.009,-0.075,0.023,133648
-0.017,-0.029,0.046,133653
-0.037,-0.013,0.059,133658
-0.054,0.013,0.031,133663
-0.036,0.034,0.024,133668
-0.062,0.035,0.026,133673
-0.048,0.035,-0.01,133678
-0.043,0.079,0.007,133683
-0.064,0.05,-0.006,133688
-0.062,0.049,-0.001,133692
-0.039,0.066,0.007,133697
-0.035,0.059,-0.045,133702
-0.092,0.07,-0.014,133707
-0.069,0.059,-0.013,133712
-0.058,0.04,-0.02,133717
-0.065,0.066,0.007,133722
-0.033,0.047,0.028,133727
-0.073,0.085,0.034,133732
-0.048,0.072,0.017,133737
-0.056,0.013,0.059,133742
-0.016,0.003,0.057,133747
-0.019,0.02,0.055,133752
-0.03,-0.016,0.059,133757
-0.027,-0.057,0.048,133762
0.027,-0.06,0.018,133767
0.011,-0.101,0.011,133772
0.036,-0.091,0.032,133777
0.019,-0.116,-0.031,133782
0.004,-0.109,-0.058,133787
0.008,-0.124,-0.048,133791
0.007,-0.111,-0.073,133796
0.024,-0.079,-0.048,133801
0.026,-0.041,-0.031,133806
0.036,-0.006,-0.096,133811
0.067,0.019,-0.108,133816
0.077,0.069,-0.089,133821
0.104,0.118,-0.119,133826
0.128,0.123,-0.128,133831
0.158,0.141,-0.115,133836
0.155,0.14,-0.104,133841
0.17,0.117,-0.124,133846
0.183,0.054,-0.133,133851
0.238,0.001,-0.132,133856
0.236,-0.028,-0.123,133861
0.255,-0.103,-0.115,133866
0.268,-0.17,-0.078,133871
0.272,-0.226,-0.053,133876
0.253,-0.255,-0.091,133881
0.284,-0.251,-0.099,133886
0.35,-0.325,-0.093,133891
0.337,-0.336,-0.101,133895
0.372,-0.332,-0.104,133900
0.356,-0.312,-0.046,133905
0.342,-0.281,-0.033,133910
0.321,-0.231,-0.038,133915
0.31,-0.191,0.017,133920
0.309,-0.081,0.028,133925
0.261,0.021,0.029,133930
0.226,0.07,0.056,133935
0.195,0.197,0.051,133940
0.115,0.25,0.093,133945
0.095,0.312,0.101,133950
0.077,0.341,0.095,133955
0.056,0.324,0.098,133960
0.094,0.352,0.071,133965
0.114,0.342,0.077,133970
0.206,0.325,0.069,133975
0.293,0.288,0.024,133980
0.303,0.247,0.043,133985
0.346,0.183,0.034,133990
0.328,0.148,0.031,133995
0.347,0.107,0.04,133999
0.334,0.087,0.105,134004
0.322,0.135,0.177,134009
0.268,0.147,0.215,134014
0.194,0.154,0.232,134019
0.088,0.113,0.269,134024
-0.049,0.093,0.264,134029
-0.186,0.088,0.306,134034
-0.331,0.049,0.336,134039
-0.397,0.039,0.354,134044
-0.495,0.035,0.4,134049
-0.545,0.019,0.399,134054
-0.555,0.017,0.415,134059
-0.521,0.015,0.421,134064
-0.477,0.018,0.444,134069
-0.399,-0.009,0.472,134074
-0.334,-0.034,0.425,134079
-0.244,-0.039,0.447,134084
-0.108,-0.065,0.394,134089
-0.041,-0.037,0.307,134094
0.005,-0.068,0.216,134098
0.065,-0.074,0.155,134103
0.145,-0.062,0.075,134108
0.234,-0.108,0.02,134113
0.266,-0.136,-0.028,134118
0.317,-0.143,-0.09,134123
0.337,-0.172,-0.133,134128
0.351,-0.146,-0.193,134133
0.341,-0.162,-0.225,134138
0.346,-0.163,-0.241,134143
0.255,-0.151,-0.247,134148
0.277,-0.114,-0.3,134153
0.258,-0.146,-0.261,134158
0.189,-0.101,-0.235,134163
0.183,-0.078,-0.169,134168
0.147,-0.07,-0.109,134173
0.098,-0.067,-0.085,134178
0.054,-0.039,-0.059,134183
0.027,-0.065,-0.027,134188
0.003,-0.067,0.039,134193
-0.018,-0.082,0.078,134198
-0.025,-0.113,0.127,134202
-0.04,-0.127,0.187,134207
-0.018,-0.166,0.216,134212
-0.021,-0.162,0.233,134217
-0.04,-0.193,0.24,134222
-0.04,-0.2,0.229,134227
-0.067,-0.201,0.158,134232
-0.012,-0.216,0.104,134237
-0.02,-0.237,0.136,134242
-0.031,-0.218,0.127,134247
-0.058,-0.222,0.127,134252
-0.052,-0.256,0.101,134257
-0.094,-0.256,0.074,134262
-0.098,-0.2,0.058,134267
-0.045,-0.167,0.0,134272
-0.07,-0.155,0.009,134277
-0.089,-0.118,-0.013,134282
-0.059,-0.071,0.005,134287
-0.057,-0.064,0.017,134292
-0.043,-0.04,0.072,134297
-0.012,0.001,0.107,134301
0.065,0.07,0.131,134306
0.085,0.089,0.191,134311
0.093,0.123,0.241,134316
0.179,0.15,0.23,134321
0.174,0.178,0.215,134326
0.169,0.181,0.177,134331
0.178,0.168,0.185,134336
0.165,0.168,0.119,134341
0.165,0.117,0.051,134346
0.179,0.101,-0.001,134351
0.183,0.043,-0.048,134356
0.177,0.043,-0.043,134361
0.172,0.021,-0.039,134366
0.155,0.006,-0.043,134371
0.118,-0.024,-0.013,134376
0.024,-0.056,0.022,134381
-0.012,-0.05,0.041,134386
-0.028,0.01,0.093,134391
-0.081,0.009,0.096,134396
-0.159,0.004,0.1,134400
-0.182,0.064,0.103,134405
-0.185,0.113,0.114,134410
-0.201,0.119,0.107,134415
-0.224,0.155,0.143,134420
-0.197,0.148,0.159,134425
-0.195,0.176,0.178,134430
-0.158,0.197,0.16,134435
-0.095,0.195,0.157,134440
-0.042,0.218,0.18,134445
0.039,0.218,0.226,134450
0.143,0.187,0.212,134455
0.197,0.199,0.157,134460
0.238,0.192,0.128,134465
0.27,0.142,0.201,134470
0.2,0.124,0.22,134475
0.188,0.064,0.176,134480
0.187,0.066,0.167,134485
0.181,0.025,0.146,134490
0.154,0.014,0.123,134495
0.165,0.043,0.145,134500
0.195,0.038,0.105,134504
0.223,0.095,0.107,134509
0.278,0.158,0.096,134514
0.363,0.259,0.056,134519
0.451,0.332,0.068,134524
0.492,0.437,0.074,134529
0.495,0.505,0.032,134534
0.467,0.541,-0.026,134539
0.424,0.56,-0.114,134544
0.36,0.551,-0.193,134549
0.29,0.505,-0.256,134554
0.119,0.476,-0.29,134559
-0.035,0.45,-0.373,134564
-0.135,0.43,-0.388,134569
-0.177,0.452,-0.392,134574
-0.263,0.519,-0.426,134579
-0.262,0.6,-0.513,134584
-0.24,0.674,-0.711,134589
-0.203,0.861,-0.83,134594
-0.136,0.951,-0.975,134599
-0.096,1.072,-1.145,134604
-0.048,1.18,-1.276,134608
0.038,1.234,-1.286,134613
0.142,1.275,-1.321,134618
0.171,1.285,-1.297,134623
0.136,1.277,-1.223,134628
0.101,1.184,-1.23,134633
0.065,1.07,-1.197,134638
-0.022,0.868,-1.073,134643
-0.119,0.609,-0.949,134648
-0.198,0.259,-0.828,134653
-0.286,-0.115,-0.594,134658
-0.322,-0.504,-0.371,134663
-0.419,-0.902,-0.14,134668
-0.506,-1.29,0.05,134673
-0.619,-1.601,0.308,134678
-0.708,-1.859,0.441,134683
-0.822,-2.086,0.487,134688
-1.016,-2.27,0.606,134693
-1.147,-2.413,0.632,134698
-1.157,-2.456,0.612,134703
-1.257,-2.448,0.606,134707
-1.368,-2.449,0.464,134712
-1.343,-2.32,0.323,134717
-1.287,-2.148,0.17,134722
-1.223,-1.908,0.002,134727
-1.165,-1.626,-0.174,134732
-1.04,-1.308,-0.411,134737
-0.862,-0.936,-0.581,134742
-0.724,-0.601,-0.743,134747
-0.492,-0.235,-0.966,134752
-0.236,0.111,-1.102,134757
-0.014,0.414,-1.173,134762
0.197,0.692,-1.21,134767
0.315,0.898,-1.223,134772
0.426,1.067,-1.109,134777
0.495,1.176,-0.946,134782
0.584,1.265,-0.787,134787
0.586,1.319,-0.527,134792
0.549,1.347,-0.302,134797
0.472,1.354,-0.044,134802
0.386,1.327,0.154,134806
0.304,1.271,0.371,134811
0.127,1.2,0.528,134816
0.015,1.076,0.604,134821
-0.114,0.904,0.673,134826
-0.245,0.714,0.757,134831
-0.376,0.47,0.767,134836
-0.416,0.238,0.802,134841
-0.456,0.02,0.795,134846
-0.458,-0.209,0.75,134851
-0.446,-0.412,0.714,134856
-0.432,-0.578,0.655,134861
-0.406,-0.731,0.607,134866
-0.361,-0.856,0.538,134871
-0.299,-0.939,0.432,134876
-0.256,-1.009,0.41,134881
-0.273,-1.084,0.356,134886
-0.164,-1.131,0.321,134891
-0.096,-1.091,0.293,134896
-0.069,-1.072,0.259,134901
-0.054,-1.038,0.268,134906
-0.035,-0.986,0.262,134910
0.015,-0.913,0.253,134915
-0.029,-0.826,0.232,134920
-0.03,-0.748,0.256,134925
0.019,-0.66,0.231,134930
0.026,-0.525,0.212,134935
0.088,-0.408,0.225,134940
0.144,-0.302,0.177,134945
0.198,-0.164,0.155,134950
0.226,-0.036,0.131,134955
0.281,0.07,0.066,134960
0.326,0.188,0.02,134965
0.366,0.294,0.01,134970
0.369,0.441,-0.046,134975
0.323,0.514,-0.055,134980
0.265,0.622,-0.075,134985
0.217,0.693,-0.072,134990
0.152,0.68,-0.073,134995
0.158,0.694,-0.023,135000
0.082,0.637,0.009,135005
0.018,0.591,0.06,135009
-0.099,0.488,0.092,135014
-0.107,0.396,0.165,135019
-0.161,0.314,0.222,135024
-0.188,0.179,0.286,135029
-0.251,0.053,0.313,135034
-0.312,-0.076,0.329,135039
-0.328,-0.185,0.331,135044
-0.355,-0.278,0.323,135049
-0.359,-0.397,0.308,135054
-0.297,-0.422,0.282,135059
-0.28,-0.423,0.232,135064
-0.213,-0.432,0.204,135069
-0.131,-0.402,0.162,135074
-0.036,-0.383,0.116,135079
0.009,-0.371,0.134,135084
0.026,-0.308,0.104,135089
0.088,-0.255,0.128,135094
0.109,-0.221,0.115,135099
0.081,-0.156,0.112,135104
0.073,-0.089,0.101,135108
0.074,0.027,0.065,135113
-0.014,0.115,0.075,135118
-0.017,0.22,0.068,135123
-0.054,0.271,0.07,135128
-0.126,0.317,0.058,135133
-0.165,0.384,0.061,135138
-0.2,0.423,0.085,135143
-0.18,0.429,0.068,135148
-0.192,0.429,0.031,135153
-0.186,0.369,0.036,135158
-0.15,0.336,0.093,135163
-0.135,0.294,0.088,135168
-0.048,0.26,0.075,135173
-0.005,0.238,0.115,135178
-0.008,0.193,0.133,135183
0.065,0.182,0.176,135188
0.093,0.151,0.158,135193
0.174,0.123,0.147,135198
0.187,0.158,0.205,135203
0.207,0.177,0.176,135208
0.251,0.163,0.189,135212
0.294,0.224,0.165,135217
0.299,0.254,0.153,135222
0.308,0.301,0.146,135227
0.355,0.375,0.153,135232
0.298,0.406,0.112,135237
0.298,0.4,0.045,135242
0.286,0.42,0.075,135247
0.278,0.417,0.08,135252
0.307,0.358,0.145,135257
0.297,0.292,0.217,135262
0.263,0.237,0.251,135267
0.202,0.174,0.243,135272
0.096,0.114,0.284,135277
0.073,0.098,0.294,135282
0.032,0.088,0.29,135287
-0.027,0.053,0.309,135292
-0.063,0.044,0.317,135297
-0.026,0.048,0.337,135302
-0.049,0.022,0.367,135307
-0.092,0.019,0.365,135311
-0.087,0.022,0.389,135316
-0.082,0.015,0.419,135321
-0.087,0.001,0.411,135326
-0.074,0.018,0.465,135331
-0.118,0.05,0.479,135336
-0.184,0.127,0.414,135341
-0.191,0.231,0.372,135346
-0.159,0.32,0.357,135351
-0.07,0.507,0.204,135356
-0.059,0.724,-0.078,135361
-0.07,1.022,-0.372,135366
-0.184,1.299,-0.701,135371
-0.161,1.484,-0.984,135376
-0.192,1.615,-1.226,135381
-0.294,1.674,-1.431,135386
-0.333,1.679,-1.753,135391
-0.442,1.67,-1.992,135396
-0.613,1.645,-2.314,135401
-0.737,1.588,-2.535,135406
-0.866,1.434,-2.678,135411
-0.973,1.191,-2.746,135415
-0.928,0.805,-2.709,135420
-0.839,0.324,-2.476,135425
-0.604,-0.173,-2.147,135430
-0.402,-0.643,-1.824,135435
-0.163,-1.07,-1.56,135440
0.003,-1.454,-1.171,135445
0.205,-1.852,-0.791,135450
0.46,-2.106,-0.445,135455
0.686,-2.378,-0.124,135460
0.88,-2.631,0.305,135465
1.064,-2.769,0.654,135470
1.263,-2.815,1.002,135475
1.361,-2.81,1.285,135480
1.423,-2.714,1.467,135485
1.388,-2.511,1.484,135490
1.293,-2.213,1.56,135495
1.159,-1.78,1.55,135500
0.996,-1.322,1.507,135505
0.741,-0.854,1.339,135510
0.473,-0.38,1.162,135514
0.223,0.053,0.973,135519
0.041,0.466,0.755,135524
-0.199,0.803,0.52,135529
-0.433,1.106,0.343,135534
-0.584,1.375,0.132,135539
-0.719,1.547,-0.062,135544
-0.824,1.746,-0.211,135549
-0.836,1.869,-0.375,135554
-0.766,1.923,-0.523,135559
-0.659,1.929,-0.656,135564
-0.468,1.87,-0.745,135569
-0.322,1.721,-0.765,135574
-0.117,1.515,-0.796,135579
0.148,1.212,-0.751,135584
0.4,0.867,-0.702,135589
0.614,0.496,-0.563,135594
0.786,0.149,-0.403,135599
0.892,-0.193,-0.276,135604
0.962,-0.535,-0.089,135609
1.013,-0.822,0.1,135614
1.015,-1.072,0.223,135618
0.969,-1.271,0.352,135623
0.911,-1.462,0.489,135628
0.841,-1.6,0.599,135633
0.718,-1.69,0.682,135638
0.638,-1.797,0.738,135643
0.548,-1.79,0.798,135648
0.459,-1.757,0.835,135653
0.366,-1.681,0.876,135658
0.26,-1.573,0.823,135663
0.195,-1.42,0.771,135668
0.18,-1.235,0.719,135673
0.153,-0.99,0.647,135678
0.125,-0.745,0.509,135683
0.087,-0.494,0.377,135688
0.061,-0.207,0.313,135693
0.037,0.071,0.126,135698
0.033,0.288,-0.023,135703
0.017,0.509,-0.038,135708
0.007,0.691,-0.107,135713
-0.04,0.82,-0.17,135717
-0.006,0.893,-0.196,135722
-0.005,0.929,-0.237,135727
-0.026,0.913,-0.174,135732
-0.024,0.839,-0.075,135737
-0.047,0.742,-0.003,135742
-0.017,0.625,0.044,135747
0.01,0.493,0.152,135752
0.035,0.358,0.274,135757
0.083,0.236,0.368,135762
0.131,0.104,0.426,135767
0.131,0.021,0.43,135772
0.195,-0.092,0.456,135777
0.227,-0.165,0.484,135782
0.213,-0.222,0.487,135787
0.192,-0.277,0.494,135792
0.164,-0.31,0.453,135797
0.122,-0.322,0.434,135802
0.114,-0.315,0.395,135807
0.081,-0.305,0.368,135812
0.042,-0.301,0.323,135817
0.047,-0.296,0.273,135821
0.012,-0.241,0.241,135826
-0.04,-0.187,0.191,135831
-0.127,-0.12,0.172,135836
-0.17,-0.026,0.138,135841
-0.2,0.044,0.12,135846
-0.206,0.117,0.133,135851
-0.185,0.162,0.142,135856
-0.201,0.232,0.132,135861
-0.207,0.333,0.088,135866
-0.195,0.429,0.032,135871
-0.167,0.503,0.024,135876
-0.184,0.556,-0.029,135881
-0.192,0.638,-0.043,135886
-0.125,0.617,-0.099,135891
-0.164,0.599,-0.141,135896
-0.234,0.539,-0.161,135901
-0.254,0.506,-0.128,135906
-0.297,0.395,-0.162,135911
-0.224,0.356,-0.159,135916
-0.137,0.333,-0.139,135921
-0.063,0.33,-0.099,135925
0.003,0.357,-0.067,135930
0.106,0.395,-0.056,135935
0.155,0.446,-0.02,135940
0.248,0.431,-0.01,135945
0.262,0.44,-0.009,135950
0.205,0.387,0.138,135955
0.167,0.305,0.189,135960
0.107,0.214,0.213,135965
-0.032,0.145,0.295,135970
-0.196,0.062,0.326,135975
-0.349,0.013,0.375,135980
-0.469,0.046,0.454,135985
-0.608,0.136,0.507,135990
-0.685,0.286,0.564,135995
-0.763,0.438,0.607,136000
-0.859,0.632,0.525,136005
-0.833,0.883,0.343,136010
-0.832,1.126,0.166,136015
-0.809,1.333,-0.095,136020
-0.68,1.514,-0.413,136024
-0.531,1.595,-0.729,136029
-0.387,1.677,-0.992,136034
-0.193,1.669,-1.186,136039
0.045,1.64,-1.369,136044
0.265,1.609,-1.443,136049
0.467,1.582,-1.657,136054
0.67,1.527,-1.745,136059
0.896,1.344,-1.829,136064
1.086,0.955,-1.853,136069
1.245,0.45,-1.741,136074
1.383,-0.102,-1.494,136079
1.344,-0.747,-1.137,136084
1.197,-1.31,-0.778,136089
0.935,-1.791,-0.407,136094
0.686,-2.181,-0.043,136099
0.402,-2.48,0.232,136104
0.103,-2.68,0.402,136109
-0.204,-2.856,0.53,136114
-0.537,-2.945,0.632,136119
-0.78,-3.0,0.651,136124
-0.982,-3.001,0.75,136128
-1.151,-2.947,0.709,136133
-1.264,-2.786,0.685,136138
-1.323,-2.593,0.66,136143
-1.376,-2.334,0.568,136148
-1.359,-1.954,0.485,136153
-1.288,-1.577,0.368,136158
-1.181,-1.148,0.206,136163
-1.08,-0.684,0.026,136168
-0.924,-0.241,-0.2,136173
-0.78,0.222,-0.365,136178
-0.62,0.613,-0.535,136183
-0.485,1.017,-0.689,136188
-0.281,1.403,-0.814,136193
-0.15,1.702,-0.806,136198
0.024,2.04,-0.79,136203
0.138,2.271,-0.775,136208
0.202,2.428,-0.667,136213
0.289,2.474,-0.588,136218
0.29,2.424,-0.456,136223
0.283,2.298,-0.332,136227
0.293,2.064,-0.235,136232
0.272,1.715,-0.082,136237
0.249,1.371,0.068,136242
0.255,1.053,0.173,136247
0.225,0.659,0.268,136252
0.194,0.27,0.353,136257
0.183,-0.092,0.49,136262
0.152,-0.398,0.566,136267
0.132,-0.69,0.647,136272
0.084,-0.918,0.677,136277
0.063,-1.123,0.721,136282
-0.033,-1.261,0.723,136287
-0.111,-1.402,0.78,136292
-0.156,-1.516,0.783,136297
-0.136,-1.563,0.778,136302
-0.213,-1.557,0.774,136307
-0.265,-1.552,0.709,136312
-0.269,-1.548,0.668,136317
-0.302,-1.432,0.614,136322
-0.367,-1.297,0.531,136326
-0.364,-1.189,0.478,136331
-0.38,-1.031,0.413,136336
-0.35,-0.894,0.38,136341
-0.328,-0.718,0.299,136346
-0.282,-0.534,0.256,136351
-0.207,-0.343,0.2,136356
-0.182,-0.132,0.133,136361
-0.107,0.036,0.051,136366
-0.036,0.209,-0.031,136371
-0.011,0.377,-0.084,136376
0.006,0.512,-0.132,136381
0.062,0.642,-0.166,136386
0.159,0.724,-0.205,136391
0.203,0.79,-0.228,136396
0.217,0.831,-0.222,136401
0.273,0.83,-0.196,136406
0.272,0.824,-0.172,136411
0.262,0.772,-0.129,136416
0.27,0.686,-0.085,136421
0.26,0.583,-0.055,136426
0.251,0.451,-0.024,136430
0.209,0.316,-0.026,136435
0.149,0.198,-0.027,136440
0.117,0.092,0.009,136445
0.088,-0.02,0.068,136450
0.088,-0.113,0.126,136455
0.07,-0.187,0.165,136460
-0.013,-0.289,0.217,136465
-0.051,-0.325,0.269,136470
-0.054,-0.344,0.268,136475
-0.092,-0.331,0.332,136480
-0.134,-0.294,0.328,136485
-0.246,-0.238,0.3,136490
-0.273,-0.167,0.266,136495
-0.31,-0.107,0.217,136500
-0.258,-0.049,0.165,136505
-0.275,0.058,0.145,136510
-0.196,0.083,0.07,136515
-0.146,0.165,0.007,136520
-0.084,0.222,-0.036,136525
0.031,0.268,-0.08,136530
0.123,0.319,-0.093,136534
0.231,0.373,-0.175,136539
0.277,0.375,-0.166,136544
0.379,0.423,-0.179,136549
0.418,0.428,-0.17,136554
0.476,0.398,-0.123,136559
0.531,0.376,-0.115,136564
0.495,0.377,-0.047,136569
0.493,0.365,-0.016,136574
0.422,0.341,0.006,136579
0.414,0.324,0.07,136584
0.36,0.313,0.093,136589
0.35,0.261,0.122,136594
0.358,0.234,0.157,136599
0.369,0.211,0.202,136604
0.406,0.224,0.225,136609
0.447,0.223,0.22,136614
0.497,0.218,0.206,136619
0.477,0.261,0.181,136624
0.46,0.304,0.215,136629
0.435,0.312,0.202,136634
0.331,0.35,0.229,136638
0.251,0.388,0.271,136643
0.127,0.41,0.334,136648
-0.049,0.498,0.318,136653
-0.147,0.564,0.355,136658
-0.193,0.689,0.345,136663
-0.268,0.779,0.25,136668
-0.366,0.925,0.083,136673
-0.45,0.988,-0.092,136678
-0.5,0.954,-0.186,136683
-0.562,0.889,-0.194,136688
-0.549,0.821,-0.23,136693
-0.529,0.709,-0.289,136698
-0.506,0.737,-0.325,136703
-0.464,0.784,-0.378,136708
-0.465,0.818,-0.53,136713
-0.483,0.844,-0.701,136718
-0.534,0.824,-0.885,136723
-0.562,0.694,-1.09,136728
-0.553,0.478,-1.265,136733
-0.545,0.15,-1.406,136737
-0.448,-0.23,-1.399,136742
-0.321,-0.625,-1.341,136747
-0.224,-0.951,-1.159,136752
-0.124,-1.217,-1.026,136757
-0.146,-1.436,-0.829,136762
-0.123,-1.573,-0.569,136767
-0.102,-1.67,-0.314,136772
-0.087,-1.8,-0.106,136777
-0.074,-1.909,0.085,136782
-0.045,-1.972,0.232,136787
-0.054,-2.025,0.351,136792
-0.074,-2.016,0.475,136797
-0.049,-2.047,0.544,136802
-0.07,-1.989,0.571,136807
-0.08,-1.928,0.549,136812
-0.115,-1.826,0.481,136817
-0.082,-1.669,0.454,136822
-0.083,-1.485,0.4,136827
-0.066,-1.228,0.36,136832
-0.042,-0.955,0.311,136837
-0.02,-0.644,0.245,136841
0.007,-0.312,0.178,136846
-0.002,0.024,0.087,136851
0.062,0.379,-0.016,136856
0.129,0.708,-0.135,136861
0.215,1.059,-0.298,136866
0.349,1.358,-0.462,136871
0.495,1.653,-0.623,136876
0.54,1.915,-0.672,136881
0.607,2.059,-0.765,136886
0.675,2.151,-0.843,136891
0.737,2.173,-0.841,136896
0.78,2.11,-0.778,136901
0.796,2.016,-0.713,136906
0.764,1.844,-0.633,136911
0.692,1.608,-0.492,136916
0.64,1.348,-0.37,136921
0.559,1.105,-0.294,136926
0.507,0.831,-0.101,136931
0.504,0.502,0.0,136936
0.436,0.189,0.128,136940
0.379,-0.083,0.249,136945
0.35,-0.325,0.323,136950
0.324,-0.568,0.39,136955
0.321,-0.744,0.424,136960
0.281,-0.906,0.485,136965
0.283,-1.027,0.518,136970
0.276,-1.101,0.561,136975
0.218,-1.172,0.561,136980
0.166,-1.21,0.522,136985
0.154,-1.196,0.435,136990
0.074,-1.184,0.426,136995
0.062,-1.109,0.315,137000
0.026,-1.058,0.253,137005
-0.041,-0.974,0.215,137010
-0.067,-0.821,0.21,137015
-0.099,-0.726,0.133,137020
-0.08,-0.601,0.073,137025
-0.029,-0.468,0.095,137030
-0.009,-0.356,0.112,137035
0.047,-0.265,0.075,137040
0.072,-0.169,0.093,137044
0.074,-0.01,0.092,137049
0.101,0.085,0.048,137054
0.138,0.171,0.1,137059
0.159,0.283,0.068,137064
0.19,0.341,0.104,137069
0.18,0.372,0.072,137074
0.162,0.438,0.043,137079
0.214,0.463,0.017,137084
0.215,0.468,-0.031,137089
0.197,0.46,0.002,137094
0.156,0.492,-0.019,137099
0.14,0.516,-0.043,137104
0.075,0.486,-0.056,137109
0.041,0.484,-0.089,137114
0.033,0.496,-0.089,137119
-0.013,0.416,-0.101,137124
-0.042,0.379,-0.083,137129
-0.042,0.307,-0.1,137134
-0.068,0.211,-0.086,137139
-0.056,0.16,-0.077,137144
-0.042,0.131,-0.082,137148
0.034,0.07,-0.091,137153
0.061,0.007,-0.082,137158
0.085,0.024,-0.082,137163
0.111,0.03,-0.066,137168
0.152,0.048,-0.055,137173
0.197,0.044,-0.045,137178
0.216,0.069,0.019,137183
0.254,0.075,0.095,137188
0.294,0.115,0.128,137193
0.342,0.203,0.171,137198
0.372,0.247,0.163,137203
0.361,0.364,0.198,137208
0.282,0.384,0.174,137213
0.107,0.427,0.122,137218
-0.08,0.436,0.058,137223
-0.179,0.38,0.005,137228
-0.316,0.247,-0.016,137233
-0.393,0.097,-0.027,137238
-0.461,-0.127,0.043,137243
-0.574,-0.36,0.142,137247
-0.676,-0.535,0.223,137252
-0.807,-0.667,0.351,137257
-0.98,-0.729,0.467,137262
-1.119,-0.721,0.58,137267
-1.236,-0.696,0.634,137272
-1.302,-0.562,0.609,137277
-1.236,-0.484,0.617,137282
-1.147,-0.431,0.581,137287
-0.92,-0.362,0.557,137292
-0.707,-0.313,0.515,137297
-0.43,-0.299,0.454,137302
-0.098,-0.248,0.293,137307
0.213,-0.227,0.16,137312
0.48,-0.226,-0.002,137317
0.66,-0.19,-0.152,137322
0.827,-0.167,-0.318,137327
0.951,-0.154,-0.411,137332
1.024,-0.117,-0.473,137337
1.124,-0.067,-0.534,137342
1.188,-0.021,-0.549,137347
1.173,0.001,-0.546,137351
1.116,0.031,-0.526,137356
0.996,0.11,-0.538,137361
0.836,0.185,-0.458,137366
0.696,0.249,-0.442,137371
0.519,0.34,-0.385,137376
0.264,0.401,-0.304,137381
0.052,0.412,-0.239,137386
-0.15,0.371,-0.163,137391
-0.32,0.364,-0.134,137396
-0.439,0.349,-0.077,137401
-0.555,0.275,-0.026,137406
-0.62,0.196,0.023,137411
-0.653,0.12,0.081,137416
-0.652,0.018,0.142,137421
-0.669,-0.048,0.175,137426
-0.64,-0.082,0.239,137431
-0.632,-0.16,0.301,137436
-0.642,-0.187,0.332,137441
-0.63,-0.159,0.333,137446
-0.567,-0.191,0.304,137450
-0.549,-0.167,0.278,137455
-0.533,-0.129,0.297,137460
-0.462,-0.09,0.285,137465
-0.429,-0.068,0.222,137470
-0.377,-0.031,0.234,137475
-0.283,-0.011,0.219,137480
-0.255,-0.057,0.232,137485
-0.255,-0.038,0.226,137490
-0.169,0.0,0.156,137495
-0.109,0.025,0.162,137500
-0.081,0.014,0.158,137505
-0.112,0.025,0.078,137510
-0.049,0.074,0.048,137515
-0.04,0.101,-0.012,137520
-0.023,0.07,0.04,137525
0.013,0.093,0.058,137530
0.068,0.049,0.048,137535
0.091,0.031,0.047,137540
0.138,0.045,0.042,137545
0.137,0.002,0.055,137549
0.128,0.006,0.063,137554
0.154,-0.015,0.108,137559
0.186,-0.001,0.114,137564
0.184,0.046,0.107,137569
0.187,0.037,0.118,137574
0.143,0.059,0.123,137579
0.068,0.1,0.12,137584
0.053,0.103,0.151,137589
-0.038,0.076,0.114,137594
-0.107,0.059,0.072,137599
-0.161,0.045,0.078,137604
-0.205,0.001,0.027,137609
-0.245,-0.032,0.059,137614
-0.277,-0.072,-0.015,137619
-0.288,-0.104,-0.082,137624
-0.285,-0.119,-0.1,137629
-0.273,-0.133,-0.077,137634
-0.229,-0.167,-0.125,137639
-0.202,-0.189,-0.134,137644
-0.147,-0.174,-0.164,137649
-0.111,-0.153,-0.13,137653
-0.065,-0.111,-0.177,137658
-0.041,-0.087,-0.155,137663
0.018,-0.048,-0.153,137668
0.029,0.033,-0.124,137673
0.074,0.103,-0.065,137678
0.139,0.114,-0.041,137683
0.207,0.163,-0.032,137688
0.204,0.207,-0.003,137693
0.239,0.212,0.022,137698
0.177,0.208,0.046,137703
0.185,0.196,0.058,137708
0.214,0.215,0.057,137713
0.205,0.189,0.025,137718
0.197,0.153,0.048,137723
0.16,0.125,0.069,137728
0.144,0.078,0.037,137733
0.13,0.044,0.037,137738
0.125,-0.024,0.008,137743
0.087,-0.056,0.007,137748
0.087,-0.102,-0.002,137753
0.078,-0.109,-0.027,137757
0.036,-0.115,-0.02,137762
0.011,-0.138,-0.031,137767
0.027,-0.163,-0.058,137772
-0.018,-0.143,-0.044,137777
-0.016,-0.133,-0.026,137782
-0.023,-0.167,-0.006,137787
-0.034,-0.146,-0.04,137792
-0.017,-0.157,-0.015,137797
-0.007,-0.15,0.008,137802
-0.015,-0.109,0.002,137807
0.0,-0.029,0.011,137812
-0.005,0.0,-0.015,137817
-0.008,0.076,-0.009,137822
0.039,0.133,0.0,137827
0.048,0.172,-0.047,137832
0.112,0.202,-0.017,137837
0.114,0.199,-0.006,137842
0.102,0.192,-0.049,137847
0.148,0.164,-0.061,137852
0.15,0.143,-0.098,137856
0.122,0.094,-0.084,137861
0.114,0.033,-0.032,137866
0.094,-0.008,-0.025,137871
0.072,-0.016,-0.052,137876
0.06,-0.04,0.008,137881
-0.005,-0.062,0.007,137886
-0.009,-0.112,-0.001,137891
-0.008,-0.109,0.011,137896
-0.02,-0.098,-0.019,137901
-0.108,-0.084,-0.035,137906
-0.115,-0.088,0.011,137911
-0.086,-0.071,-0.024,137916
-0.099,-0.077,-0.03,137921
-0.08,-0.022,-0.005,137926
-0.081,0.018,-0.035,137931
-0.03,0.025,-0.049,137936
-0.065,0.04,-0.018,137941
-0.024,0.066,-0.016,137946
0.02,0.107,-0.023,137951
-0.067,0.113,-0.051,137956
-0.026,0.171,-0.015,137960
-0.049,0.158,-0.023,137965
-0.053,0.146,-0.042,137970
-0.099,0.097,-0.033,137975
-0.085,0.079,-0.004,137980
-0.098,0.049,-0.055,137985
-0.097,0.036,-0.007,137990
-0.096,-0.001,0.006,137995
-0.103,-0.014,-0.037,138000
-0.093,-0.013,-0.042,138005
-0.071,-0.05,-0.024,138010
-0.042,-0.045,-0.013,138015
-0.007,-0.066,0.013,138020
0.01,-0.068,-0.018,138025
0.004,-0.061,0.005,138030
-0.017,-0.051,0.013,138035
0.04,-0.046,-0.013,138040
0.01,-0.058,-0.003,138045
0.013,-0.014,0.022,138050
0.029,-0.034,-0.027,138055
0.043,-0.009,-0.015,138060
0.048,0.026,-0.001,138064
0.043,0.014,-0.001,138069
0.0,0.026,-0.031,138074
-0.004,0.01,-0.023,138079
0.017,-0.007,0.021,138084
-0.005,-0.006,0.032,138089
-0.03,-0.023,0.016,138094
0.019,-0.038,0.027,138099
-0.008,-0.034,0.085,138104
-0.007,-0.074,0.076,138109
-0.015,-0.04,0.043,138114
-0.009,-0.01,0.077,138119
-0.051,-0.057,0.095,138124
-0.042,-0.047,0.081,138129
0.005,-0.033,0.073,138134
-0.042,-0.008,0.105,138139
-0.029,-0.008,0.098,138144
-0.035,-0.011,0.05,138149
-0.023,-0.023,0.053,138154
-0.003,-0.016,0.061,138159
-0.016,-0.023,0.102,138163
0.011,-0.025,0.066,138168
0.001,-0.035,0.008,138173
0.001,-0.002,0.003,138178
0.014,0.002,-0.044,138183
0.021,-0.015,-0.079,138188
0.027,0.029,-0.062,138193
0.007,-0.007,-0.03,138198
0.032,-0.011,-0.057,138203
0.02,-0.001,-0.051,138208
0.014,0.011,-0.098,138213
-0.008,-0.011,-0.049,138218
-0.024,-0.031,-0.049,138223
0.02,-0.011,-0.031,138228
-0.002,-0.023,-0.006,138233
-0.006,0.005,-0.018,138238
-0.019,-0.021,-0.034,138243
-0.06,-0.014,-0.03,138248
-0.024,-0.021,-0.014,138253
0.004,-0.002,0.008,138258
-0.043,-0.01,-0.001,138263
-0.047,0.016,-0.009,138267
-0.06,0.01,-0.025,138272
-0.062,-0.003,0.011,138277
-0.039,0.0,0.053,138282
-0.078,-0.007,0.034,138287
-0.044,0.027,0.014,138292
-0.04,0.02,0.034,138297
-0.07,-0.003,0.048,138302
-0.05,0.022,0.034,138307
-0.032,0.029,0.069,138312
0.0,0.034,0.019,138317
-0.068,-0.002,0.026,138322
-0.001,0.001,0.032,138327
-0.014,0.01,0.003,138332
-0.008,0.0,0.02,138337
-0.024,-0.016,0.026,138342
-0.039,-0.028,-0.027,138347
0.011,-0.029,0.005,138352
0.006,-0.005,0.009,138357
-0.002,-0.004,-0.017,138362
0.023,-0.017,-0.033,138367
0.033,-0.054,-0.008,138371
0.013,-0.044,-0.076,138376
0.011,-0.031,-0.025,138381
-0.019,-0.049,-0.036,138386
0.034,-0.036,-0.041,138391
0.017,-0.028,-0.006,138396
-0.018,-0.003,0.015,138401
0.0,-0.016,-0.007,138406
0.004,-0.023,0.018,138411
-0.012,-0.029,-0.008,138416
0.01,-0.009,0.0,138421
-0.025,0.0,0.009,138426
0.007,0.004,0.016,138431
-0.015,0.012,0.015,138436
0.038,0.028,0.03,138441
0.017,0.025,0.019,138446
0.011,0.023,0.03,138451
0.031,0.046,-0.011,138456
0.054,0.011,0.006,138461
0.022,-0.01,-0.015,138466
0.063,0.016,-0.044,138470
0.061,0.023,-0.013,138475
0.051,0.02,-0.033,138480
0.08,0.023,-0.013,138485
0.042,0.012,-0.02,138490
0.046,0.002,-0.005,138495
0.046,-0.041,-0.013,138500
0.015,-0.024,0.013,138505
-0.015,-0.021,-0.013,138510
-0.005,-0.01,0.013,138515
-0.013,-0.057,0.033,138520
0.0,-0.029,0.026,138525
-0.008,0.024,0.019,138530
-0.037,0.026,0.034,138535
-0.033,-0.001,-0.003,138540
0.012,0.015,0.009,138545
0.015,0.026,0.008,138550
0.014,0.037,-0.009,138555
0.0,0.011,0.0,138560
0.004,0.01,-0.021,138565
0.016,0.022,-0.023,138570
0.036,0.024,0.017,138574
0.011,-0.003,0.028,138579
0.036,0.0,0.021,138584
0.019,0.009,0.023,138589
0.026,-0.017,0.051,138594
0.019,-0.032,0.046,138599
-0.025,-0.016,0.028,138604
0.006,-0.006,0.0,138609
0.006,-0.014,-0.021,138614
0.027,0.004,0.002,138619
0.037,-0.004,0.023,138624
-0.026,-0.025,-0.013,138629
0.049,0.006,0.0,138634
0.018,0.023,0.009,138639
0.008,-0.009,-0.017,138644
0.024,0.009,-0.05,138649
0.039,0.0,-0.006,138654
-0.012,-0.004,0.011,138659
0.01,0.025,-0.024,138664
-0.033,0.019,-0.038,138669
0.004,0.051,-0.017,138674
0.012,0.029,-0.011,138678
0.015,0.013,-0.01,138683
0.009,0.012,-0.052,138688
0.03,0.019,-0.012,138693
0.035,0.021,-0.041,138698
0.027,0.015,-0.007,138703
0.02,0.018,-0.032,138708
0.044,0.016,0.0,138713
0.035,0.036,0.026,138718
0.032,0.015,0.011,138723
0.067,0.0,0.009,138728
0.052,0.005,-0.016,138733
0.021,-0.008,-0.01,138738
0.057,0.001,-0.001,138743
0.052,-0.02,-0.031,138748
0.034,-0.014,-0.01,138753
0.039,0.004,0.037,138758
0.048,-0.017,0.02,138763
0.052,-0.024,-0.015,138768
0.046,0.025,0.037,138773
0.0,-0.002,0.042,138777
-0.005,-0.024,0.003,138782
0.008,-0.004,0.02,138787
-0.044,-0.004,0.044,138792
0.007,0.0,0.001,138797
0.006,0.009,-0.016,138802
-0.019,0.021,0.011,138807
0.046,0.014,0.031,138812
0.007,0.026,0.011,138817
0.015,0.002,-0.011,138822
0.061,-0.015,-0.018,138827
0.059,0.0,0.013,138832
0.053,-0.026,-0.013,138837
0.065,-0.015,-0.012,138842
0.028,-0.009,-0.024,138847
0.03,-0.004,-0.008,138852
0.04,-0.008,0.0,138857
0.04,-0.024,-0.025,138862
0.023,-0.017,-0.005,138867
-0.021,-0.007,-0.03,138872
0.023,-0.006,-0.049,138877
0.033,0.006,-0.035,138881
-0.008,0.001,-0.002,138886
-0.028,0.001,-0.01,138891
-0.026,0.01,-0.03,138896
-0.032,0.004,-0.01,138901
-0.033,-0.004,0.0,138906
-0.034,0.013,0.016,138911
0.051,0.0,-0.019,138916
-0.01,0.025,0.033,138921
-0.017,0.065,-0.003,138926
0.005,0.033,0.005,138931
0.005,0.016,-0.016,138936
0.0,-0.006,0.019,138941
-0.016,0.024,0.0,138946
-0.002,0.009,-0.008,138951
-0.01,0.003,-0.024,138956
-0.035,0.0,-0.013,138961
-0.014,-0.013,0.009,138966
-0.013,-0.007,0.012,138971
0.009,-0.02,0.028,138976
-0.012,-0.013,0.034,138981
-0.041,-0.021,0.035,138985
-0.028,-0.01,0.005,138990
0.0,-0.004,0.022,138995
-0.026,-0.004,-0.001,139000
-0.006,-0.042,0.003,139005
-0.031,-0.034,0.011,139010
-0.058,-0.013,-0.024,139015
-0.026,0.013,-0.013,139020
-0.041,0.003,-0.007,139025
-0.041,0.024,-0.011,139030
-0.007,-0.003,-0.01,139035
-0.015,0.009,-0.004,139040
-0.013,0.004,-0.021,139045
-0.042,0.021,0.006,139050
-0.046,0.032,-0.007,139055
0.001,0.007,-0.023,139060
0.026,0.015,-0.025,139065
0.028,0.022,-0.035,139070
-0.013,0.024,-0.006,139075
-0.016,0.0,-0.014,139080
0.002,-0.012,0.004,139084
0.01,0.005,0.033,139089
0.035,-0.02,-0.025,139094
0.01,-0.031,-0.001,139099
-0.003,-0.032,0.028,139104
0.018,-0.024,-0.008,139109
0.012,0.003,0.078,139114
-0.006,-0.005,0.057,139119
-0.018,-0.03,-0.008,139124
0.022,-0.049,0.027,139129
-0.027,-0.031,0.041,139134
-0.003,-0.006,0.028,139139
0.005,0.041,0.025,139144
-0.012,0.007,0.001,139149
-0.045,0.01,0.014,139154
-0.049,0.022,0.013,139159
-0.04,0.011,-0.001,139164
-0.044,0.019,-0.031,139169
-0.044,0.017,-0.023,139174
-0.014,0.006,-0.042,139179
0.03,0.014,-0.09,139184
-0.011,-0.021,-0.029,139188
0.002,0.019,-0.043,139193
0.002,0.026,-0.048,139198
0.014,0.01,-0.043,139203
0.022,0.018,-0.03,139208
0.024,0.003,-0.035,139213
0.047,0.016,-0.01,139218
0.012,-0.037,-0.018,139223
-0.005,-0.003,-0.003,139228
0.046,0.031,-0.007,139233
0.02,-0.01,-0.015,139238
-0.003,-0.018,-0.013,139243
0.022,-0.02,-0.003,139248
-0.005,-0.001,0.013,139253
0.0,-0.018,-0.009,139258
0.029,0.013,0.008,139263
0.022,0.016,0.068,139268
0.05,0.01,0.052,139273
-0.019,0.005,0.0,139278
0.025,0.0,0.017,139283
0.01,0.0,0.041,139288
0.043,0.008,-0.035,139292
0.009,0.003,-0.015,139297
0.008,0.016,-0.013,139302
0.033,-0.019,-0.012,139307
0.004,-0.017,-0.019,139312
0.029,0.009,-0.013,139317
-0.025,-0.021,-0.007,139322
-0.005,-0.006,-0.006,139327
-0.047,0.002,-0.044,139332
0.012,-0.018,-0.036,139337
-0.005,-0.008,0.006,139342
0.007,0.001,-0.007,139347
0.024,0.013,0.027,139352
-0.016,-0.004,-0.005,139357
0.002,-0.004,-0.03,139362
0.053,-0.003,-0.005,139367
0.018,0.013,0.02,139372
0.016,0.008,-0.007,139377
0.018,0.011,-0.036,139382
0.034,0.019,0.01,139387
0.03,0.021,0.004,139391
-0.019,-0.01,0.021,139396
-0.004,-0.009,-0.015,139401
0.012,-0.008,0.029,139406
0.011,-0.042,0.004,139411
-0.002,-0.025,-0.012,139416
-0.006,0.033,-0.007,139421
0.011,0.012,0.015,139426
-0.006,0.002,0.004,139431
-0.019,0.002,0.004,139436
-0.004,0.006,0.034,139441
0.017,0.031,0.009,139446
-0.005,0.037,0.003,139451
-0.035,0.02,-0.017,139456
0.015,0.04,-0.02,139461
0.027,0.005,0.028,139466
-0.005,-0.007,-0.004,139471
-0.026,-0.006,-0.007,139476
0.001,-0.01,-0.037,139481
-0.007,-0.018,-0.037,139486
-0.002,-0.007,-0.012,139491
-0.019,-0.002,0.01,139495
-0.012,-0.041,-0.025,139500
-0.002,-0.024,-0.001,139505
-0.002,-0.038,0.016,139510
-0.036,-0.022,0.014,139515
0.031,-0.032,0.0,139520
0.011,-0.038,0.017,139525
-0.002,-0.012,-0.018,139530
0.014,0.022,0.021,139535
-0.004,0.016,0.041,139540
-0.012,0.023,0.006,139545
-0.006,0.038,-0.002,139550
-0.014,0.021,-0.006,139555
-0.013,0.015,0.015,139560
0.009,-0.007,0.022,139565
-0.03,-0.007,-0.031,139570
-0.052,-0.006,0.01,139575
-0.017,-0.027,0.031,139580
-0.002,-0.003,-0.01,139585
-0.011,0.01,-0.022,139590
-0.001,-0.003,0.027,139595
-0.035,-0.016,0.024,139599
-0.023,-0.023,0.009,139604
0.008,0.009,0.003,139609
-0.017,-0.008,0.02,139614
-0.007,-0.003,-0.024,139619
0.01,0.013,-0.026,139624
0.031,0.0,-0.04,139629
0.036,-0.004,-0.015,139634
0.024,0.008,-0.022,139639
0.004,-0.009,-0.015,139644
0.004,-0.038,-0.022,139649
0.0,-0.026,0.0,139654
-0.013,-0.002,0.009,139659
-0.003,-0.044,-0.013,139664
0.009,-0.005,0.005,139669
-0.008,-0.018,0.013,139674
-0.011,0.005,-0.005,139679
0.015,0.013,0.012,139684
-0.02,0.029,0.007,139689
-0.04,-0.008,0.036,139694
-0.031,0.022,0.028,139698
-0.024,0.02,0.017,139703
0.012,0.018,0.006,139708
-0.006,0.029,-0.002,139713
0.016,0.017,-0.028,139718
-0.015,0.029,-0.025,139723
0.003,-0.008,-0.001,139728
0.033,-0.016,-0.031,139733
0.025,-0.005,-0.023,139738
0.014,0.003,0.0,139743
-0.008,-0.04,-0.017,139748
-0.007,-0.04,0.001,139753
0.018,-0.01,-0.011,139758
0.021,0.007,-0.01,139763
0.014,-0.018,-0.009,139768
-0.003,0.004,-0.025,139773
0.005,0.012,-0.01,139778
0.0,-0.01,0.012,139783
-0.004,-0.013,0.024,139788
-0.016,0.013,0.039,139793
0.002,0.008,-0.003,139798
-0.019,0.007,-0.016,139802
-0.026,0.015,-0.04,139807
-0.023,0.005,0.015,139812
-0.025,0.026,-0.007,139817
-0.044,0.014,-0.045,139822
-0.005,0.013,-0.002,139827
0.003,0.003,0.019,139832
0.02,-0.005,-0.004,139837
-0.003,0.003,0.017,139842
-0.002,0.024,0.016,139847
0.019,0.035,-0.011,139852
0.017,-0.002,0.028,139857
0.024,-0.002,-0.013,139862
0.017,-0.002,0.035,139867
0.006,-0.001,0.032,139872
0.001,0.002,0.028,139877
-0.002,-0.023,0.043,139882
0.002,-0.003,0.004,139887
-0.032,-0.012,0.0,139892
0.043,-0.01,-0.008,139897
0.026,-0.009,-0.029,139902
-0.014,-0.026,-0.009,139906
0.021,-0.001,0.0,139911
-0.011,0.006,-0.034,139916
-0.014,0.04,-0.005,139921
0.0,-0.006,0.004,139926
0.004,0.024,-0.017,139931
0.038,0.021,-0.011,139936
0.012,0.045,0.023,139941
-0.001,0.023,-0.025,139946
0.007,-0.013,-0.027,139951
-0.032,0.022,-0.033,139956
-0.007,-0.001,-0.043,139961
0.002,0.024,0.0,139966
0.027,0.013,-0.017,139971
0.0,0.012,-0.002,139976
-0.022,-0.01,-0.019,139981
0.022,-0.013,-0.021,139986
0.007,-0.02,-0.006,139991
-0.001,-0.005,-0.031,139996
0.007,-0.022,-0.024,140001
0.006,-0.024,-0.004,140005
0.018,-0.013,0.025,140010
0.003,-0.02,0.031,140015
0.0,-0.018,0.015,140020
-0.026,0.0,0.018,140025
0.006,0.0,0.003,140030
-0.015,-0.003,-0.009,140035
-0.001,0.022,-0.012,140040
-0.022,-0.014,-0.007,140045
0.013,-0.012,-0.006,140050
0.016,-0.02,0.002,140055
-0.036,0.003,-0.01,140060
-0.019,-0.009,-0.005,140065
-0.022,0.0,0.042,140070
-0.011,0.0,-0.026,140075
0.006,0.012,-0.032,140080
0.01,0.011,-0.011,140085
-0.007,0.018,-0.014,140090
0.018,0.029,-0.047,140095
0.004,0.013,0.0,140100
0.012,0.008,0.008,140105
-0.023,0.037,0.007,140109
-0.016,0.02,0.037,140114
0.015,0.036,-0.026,140119
0.03,0.019,-0.037,140124
-0.032,0.013,0.022,140129
-0.025,-0.018,0.02,140134
0.02,-0.007,0.001,140139
0.018,0.001,-0.007,140144
-0.004,-0.007,-0.032,140149
-0.034,-0.032,-0.029,140154
-0.013,-0.011,0.003,140159
-0.008,-0.023,-0.009,140164
0.022,-0.016,-0.004,140169
-0.009,-0.01,-0.021,140174
0.0,0.003,-0.019,140179
-0.021,0.002,-0.03,140184
-0.04,0.015,-0.009,140189
0.001,0.035,-0.008,140194
0.018,0.006,-0.042,140199
0.0,0.031,-0.055,140204
-0.034,0.036,-0.028,140208
-0.031,0.024,-0.038,140213
-0.015,-0.003,0.004,140218
-0.009,-0.012,-0.022,140223
-0.012,0.027,0.018,140228
-0.007,0.0,0.012,140233
-0.023,-0.004,0.015,140238
-0.077,0.0,0.018,140243
-0.026,-0.004,0.029,140248
-0.028,0.004,0.026,140253
-0.008,-0.026,0.028,140258
0.001,-0.023,0.068,140263
-0.011,-0.008,0.022,140268
-0.01,-0.033,0.033,140273
-0.005,-0.042,0.064,140278
0.008,-0.008,0.01,140283
0.011,-0.02,0.026,140288
0.001,-0.031,0.024,140293
0.019,-0.006,0.013,140298
0.06,-0.018,-0.009,140303
-0.019,-0.004,-0.008,140308
-0.008,0.017,0.0,140312
0.031,0.02,-0.055,140317
0.036,0.018,-0.049,140322
0.024,0.007,-0.018,140327
0.069,0.024,-0.025,140332
0.032,0.017,-0.023,140337
0.028,-0.014,0.009,140342
0.03,-0.004,-0.013,140347
0.005,0.0,-0.011,140352
0.026,0.004,-0.014,140357
-0.001,0.004,-0.004,140362
0.007,0.012,0.008,140367
0.014,0.041,-0.035,140372
0.009,0.019,-0.04,140377
0.029,0.009,-0.032,140382
-0.016,0.008,-0.003,140387
-0.018,-0.005,-0.037,140392
-0.008,0.025,0.018,140397
-0.033,-0.015,-0.03,140402
-0.017,-0.014,-0.002,140407
-0.015,-0.038,-0.019,140411
-0.044,-0.017,0.025,140416
-0.031,-0.033,0.036,140421
-0.053,0.0,0.032,140426
-0.009,-0.021,0.037,140431
0.021,0.002,0.06,140436
-0.006,0.028,-0.001,140441
-0.001,-0.009,0.041,140446
-0.005,-0.021,0.015,140451
0.0,0.006,0.014,140456
-0.056,-0.002,-0.013,140461
-0.02,0.006,0.001,140466
-0.031,-0.024,0.013,140471
0.005,-0.017,0.016,140476
-0.029,0.009,-0.015,140481
0.012,-0.012,-0.017,140486
0.002,-0.011,-0.02,140491
0.011,0.011,-0.001,140496
0.057,0.014,0.024,140501
0.025,-0.004,-0.003,140506
0.027,0.03,-0.016,140511
0.007,0.006,-0.005,140515
0.032,-0.011,0.007,140520
0.029,-0.006,0.028,140525
-0.012,0.02,0.004,140530
0.023,0.026,0.0,140535
-0.017,0.024,-0.013,140540
-0.007,-0.034,0.0,140545
-0.015,-0.035,-0.003,140550
-0.035,-0.01,-0.003,140555
-0.023,0.008,0.022,140560
0.0,-0.001,0.02,140565
0.004,-0.001,-0.002,140570
-0.004,-0.001,-0.037,140575
0.009,-0.005,-0.063,140580
0.003,0.003,-0.005,140585
-0.013,0.033,-0.022,140590
-0.055,0.004,-0.032,140595
0.019,0.029,-0.016,140600
0.012,0.001,-0.006,140605
-0.005,0.018,0.028,140610
0.0,0.02,-0.012,140614
-0.013,0.009,-0.011,140619
-0.02,0.0,-0.001,140624
0.015,-0.003,-0.018,140629
-0.011,-0.003,0.008,140634
0.002,-0.003,-0.009,140639
-0.019,-0.002,0.026,140644
-0.026,-0.015,0.027,140649
-0.001,-0.018,0.012,140654
-0.023,-0.012,0.002,140659
-0.025,-0.032,-0.019,140664
0.003,-0.012,0.012,140669
-0.023,-0.019,0.019,140674
-0.025,-0.008,0.035,140679
-0.018,-0.029,0.018,140684
-0.033,-0.035,0.016,140689
0.0,-0.014,0.01,140694
0.012,-0.043,0.031,140699
-0.04,0.0,0.066,140704
-0.018,0.012,0.03,140709
0.004,-0.009,0.005,140714
0.004,0.012,0.022,140718
0.025,0.015,0.028,140723
-0.007,0.027,-0.021,140728
-0.028,0.024,0.01,140733
0.009,0.026,0.013,140738
0.008,0.019,0.0,140743
-0.014,0.0,0.034,140748
0.034,0.021,0.0,140753
-0.003,0.023,-0.008,140758
-0.011,0.025,-0.028,140763
0.028,-0.015,-0.047,140768
0.029,-0.005,0.004,140773
-0.003,-0.009,-0.017,140778
-0.007,0.004,-0.067,140783
0.014,0.004,-0.03,140788
-0.021,-0.022,-0.001,140793
0.011,-0.015,-0.053,140798
0.035,-0.026,-0.03,140803
0.015,-0.011,-0.001,140808
-0.007,0.011,0.015,140813
-0.002,0.018,-0.046,140817
-0.011,0.042,0.005,140822
-0.04,0.038,0.031,140827
0.032,0.021,-0.015,140832
0.003,0.019,-0.009,140837
-0.009,0.0,0.03,140842
0.004,0.0,0.031,140847
-0.043,-0.012,0.024,140852
0.003,-0.028,-0.016,140857
0.016,0.008,0.023,140862
-0.024,-0.026,0.064,140867
0.004,-0.011,-0.011,140872
-0.004,-0.005,0.046,140877
-0.03,0.003,-0.001,140882
-0.035,-0.035,-0.023,140887
-0.019,-0.01,0.0,140892
0.008,0.0,0.013,140897
-0.022,-0.022,0.02,140902
-0.028,0.018,-0.011,140907
-0.021,-0.008,-0.04,140912
-0.032,-0.029,-0.006,140917
-0.02,0.007,0.007,140921
-0.031,0.019,0.006,140926
-0.028,0.009,0.018,140931
0.004,0.008,0.021,140936
-0.025,0.003,-0.006,140941
-0.049,0.02,-0.027,140946
-0.005,0.005,0.001,140951
0.0,0.026,0.009,140956
0.003,0.019,-0.021,140961
-0.039,-0.008,-0.015,140966
-0.005,0.009,-0.009,140971
-0.03,-0.025,0.017,140976
-0.032,-0.001,-0.027,140981
0.009,0.011,0.009,140986
0.03,-0.002,-0.021,140991
0.018,-0.002,-0.01,140996
0.008,0.015,0.0,141001
0.02,-0.012,0.003,141006
0.005,0.006,0.033,141011
0.0,-0.011,0.034,141016
0.013,-0.001,0.0,141020
0.0,0.015,0.022,141025
-0.009,0.018,0.041,141030
0.004,-0.005,0.015,141035
-0.013,0.0,0.022,141040
-0.029,-0.013,0.042,141045
0.021,0.001,0.007,141050
0.006,-0.011,0.041,141055
0.022,-0.023,0.007,141060
-0.005,-0.034,-0.01,141065
0.025,-0.035,0.011,141070
-0.003,-0.023,0.006,141075
0.001,-0.003,-0.011,141080
-0.002,-0.02,0.041,141085
-0.011,-0.031,0.024,141090
-0.005,-0.032,-0.008,141095
-0.005,0.013,0.014,141100
-0.013,-0.004,0.038,141105
-0.02,-0.043,0.017,141110
-0.005,-0.017,0.015,141115
0.02,-0.006,0.014,141120
0.018,-0.006,0.042,141124
0.021,0.024,-0.021,141129
0.01,0.03,-0.002,141134
-0.003,0.032,-0.006,141139
-0.02,0.024,-0.048,141144
-0.048,0.034,0.0,141149
-0.013,0.018,0.025,141154
-0.025,-0.004,-0.046,141159
0.003,-0.008,-0.05,141164
0.007,0.009,-0.041,141169
0.01,0.017,-0.023,141174
0.026,-0.014,-0.004,141179
0.028,0.025,-0.029,141184
0.034,0.022,-0.026,141189
0.043,0.02,-0.024,141194
-0.007,-0.002,0.0,141199
0.01,0.014,-0.013,141204
0.039,0.013,-0.003,141209
-0.012,0.011,0.018,141214
0.027,-0.01,-0.013,141219
0.016,-0.027,0.018,141224
-0.006,-0.024,0.037,141228
0.002,-0.03,0.025,141233
0.006,-0.01,0.001,141238
-0.019,-0.017,0.009,141243
0.016,-0.003,0.026,141248
-0.006,0.001,-0.006,141253
-0.023,0.018,0.006,141258
0.022,0.012,0.006,141263
0.041,0.015,0.027,141268
-0.005,0.026,0.007,141273
0.012,0.019,0.032,141278
0.023,0.004,0.011,141283
0.03,0.043,0.002,141288
0.031,0.017,-0.002,141293
0.032,-0.014,-0.002,141298
0.046,-0.021,-0.019,141303
0.037,-0.023,-0.008,141308
0.033,-0.034,-0.003,141313
0.047,-0.043,-0.016,141318
0.025,-0.022,-0.014,141323
-0.028,-0.015,0.034,141327
0.004,-0.009,-0.007,141332
0.012,-0.026,0.005,141337
-0.031,-0.032,0.065,141342
-0.002,-0.05,0.024,141347
-0.028,-0.045,0.022,141352
-0.029,-0.014,-0.001,141357
-0.022,-0.022,0.002,141362
-0.024,-0.019,0.015,141367
0.029,0.007,0.001,141372
-0.059,0.007,-0.003,141377
-0.006,0.01,0.009,141382
0.003,0.044,-0.016,141387
-0.027,0.013,-0.019,141392
0.031,0.029,-0.017,141397
0.032,0.043,0.005,141402
0.003,0.03,0.039,141407
0.033,0.01,0.018,141412
0.038,0.005,-0.009,141417
0.021,0.034,0.034,141422
0.019,0.027,0.035,141427
0.004,0.002,0.04,141431
-0.021,-0.018,0.01,141436
0.006,-0.004,-0.016,141441
-0.033,0.009,0.032,141446
-0.003,-0.017,0.046,141451
-0.055,-0.05,0.033,141456
-0.041,-0.023,0.025,141461
-0.028,-0.012,0.031,141466
-0.021,0.001,-0.014,141471
0.002,-0.037,-0.012,141476
-0.002,-0.012,0.022,141481
-0.044,-0.062,-0.026,141486
0.028,-0.026,-0.05,141491
0.012,-0.01,-0.019,141496
0.028,0.011,-0.012,141501
0.034,-0.01,-0.02,141506
0.061,0.02,-0.022,141511
0.042,-0.016,-0.024,141516
0.059,0.002,0.029,141521
0.07,-0.01,-0.033,141526
0.059,0.007,-0.038,141530
0.07,0.002,-0.026,141535
0.054,0.015,0.01,141540
0.036,-0.003,0.018,141545
0.032,0.001,-0.009,141550
0.072,0.001,0.025,141555
0.03,-0.011,0.014,141560
0.045,0.023,0.004,141565
0.066,0.004,0.038,141570
0.025,0.016,0.043,141575
0.074,0.01,0.026,141580
0.054,-0.003,0.027,141585
0.065,-0.015,0.016,141590
0.046,-0.005,-0.011,141595
0.041,-0.005,-0.001,141600
0.016,0.012,-0.014,141605
0.048,0.032,-0.021,141610
0.069,0.012,-0.006,141615
0.054,-0.019,-0.009,141620
-0.037,0.004,-0.056,141625
-0.033,0.021,-0.011,141630
-0.008,0.027,-0.036,141634
-0.007,0.003,-0.037,141639
-0.032,0.015,0.009,141644
-0.012,0.04,-0.004,141649
0.001,0.006,-0.021,141654
-0.054,0.018,0.054,141659
-0.087,0.016,0.022,141664
-0.083,0.006,0.0,141669
-0.023,-0.007,0.0,141674
-0.007,0.019,-0.022,141679
0.022,0.034,0.018,141684
0.016,0.013,0.0,141689
-0.006,0.008,0.029,141694
-0.019,-0.001,-0.003,141699
0.0,0.003,0.018,141704
-0.06,-0.01,0.025,141709
-0.019,-0.039,0.001,141714
-0.086,-0.065,0.039,141719
-0.134,-0.05,0.04,141724
-0.181,-0.028,-0.011,141729
-0.145,-0.025,-0.001,141734
-0.169,-0.031,0.007,141738
-0.2,-0.002,-0.04,141743
-0.201,-0.01,-0.079,141748
-0.185,0.016,-0.063,141753
-0.193,0.001,-0.104,141758
-0.169,-0.011,-0.141,141763
-0.144,-0.044,-0.084,141768
-0.155,-0.044,-0.101,141773
-0.213,-0.031,-0.143,141778
-0.226,-0.058,-0.115,141783
-0.251,-0.035,-0.095,141788
-0.213,-0.014,-0.142,141793
-0.239,-0.069,-0.114,141798
-0.193,-0.057,-0.068,141803
-0.139,-0.039,-0.062,141808
-0.112,-0.048,-0.038,141813
-0.067,-0.064,-0.021,141818
-0.021,-0.071,0.023,141823
-0.041,-0.051,0.077,141828
-0.062,-0.046,0.095,141833
-0.103,-0.024,0.124,141837
-0.153,-0.043,0.146,141842
-0.207,-0.069,0.166,141847
-0.208,-0.075,0.162,141852
-0.217,-0.063,0.133,141857
-0.23,-0.078,0.064,141862
-0.224,-0.096,0.001,141867
-0.193,-0.069,0.01,141872
-0.131,-0.075,0.013,141877
-0.083,-0.068,-0.013,141882
-0.04,-0.052,0.0,141887
0.01,-0.008,0.013,141892
-0.016,0.031,0.012,141897
-0.04,0.036,-0.006,141902
-0.04,0.058,-0.018,141907
0.002,0.074,-0.038,141912
-0.084,0.075,-0.043,141917
-0.105,0.093,-0.047,141922
-0.159,0.075,-0.055,141927
-0.195,0.076,-0.071,141932
-0.214,0.073,-0.098,141937
-0.197,0.061,-0.08,141941
-0.182,0.008,-0.076,141946
-0.181,-0.014,-0.081,141951
-0.141,-0.051,-0.082,141956
-0.114,-0.024,-0.065,141961
-0.09,-0.048,-0.08,141966
-0.025,-0.077,0.013,141971
-0.009,-0.147,0.051,141976
-0.008,-0.15,0.102,141981
0.048,-0.139,0.117,141986
0.095,-0.151,0.123,141991
0.094,-0.144,0.136,141996
0.132,-0.143,0.105,142001
0.118,-0.128,0.06,142006
0.081,-0.068,-0.035,142011
0.008,0.011,-0.101,142016
-0.026,0.074,-0.198,142021
-0.088,0.196,-0.265,142026
-0.097,0.241,-0.35,142031
-0.13,0.269,-0.354,142036
-0.216,0.302,-0.34,142041
